date,state,label,confidence,direction,spy_1m_fwd,spy_3m_fwd
2011-09-01,3,steady_bull,1.0,bullish,-0.03895781637717133,0.037799834574028024
2011-10-01,3,steady_bull,1.0,bullish,0.09908078486830463,0.07601202050556832
2011-11-01,3,steady_bull,1.0,bullish,-0.04647160068846812,0.056880583558724496
2011-12-01,3,steady_bull,1.0,bullish,0.012084833933573291,0.0820328131252499
2012-01-01,4,steady_bull,1.0,bullish,0.05007961783439474,0.11998407643312103
2012-02-01,3,steady_bull,1.0,bullish,0.033446583616459025,0.03503208758021903
2012-03-01,3,steady_bull,0.9999965207777266,bullish,0.02795324184999659,-0.015682857765192737
2012-04-01,0,mixed_drift,0.9999999987285264,neutral,-0.010871882327861848,-0.06132310097349536
2012-05-01,4,steady_bull,1.0,bullish,-0.061327458783399624,-0.05116543490619663
2012-06-01,4,steady_bull,1.0,bullish,0.02964812358586255,0.09807287196691905
2012-07-01,3,steady_bull,1.0,bullish,-0.016447609956678266,0.059402305602467065
2012-08-01,3,steady_bull,1.0,bullish,0.02811682650392333,0.03843359488520792
2012-09-01,3,steady_bull,1.0,bullish,0.014081517124256981,-0.02483724879705629
2012-10-01,0,mixed_drift,0.6069922706099128,neutral,-0.02050571527537237,-0.011776931070315078
2012-11-01,3,steady_bull,1.0,bullish,-0.012395826038237856,0.030044120736746338
2012-12-01,4,steady_bull,1.0,bullish,-0.00429124164614858,0.07119240239183955
2013-01-01,3,steady_bull,1.0,bullish,0.055688370130783316,0.09548586696667138
2013-02-01,3,steady_bull,1.0,bullish,-0.008133844729533046,0.026848300489353383
2013-03-01,1,mixed_drift,0.5256207789744433,neutral,0.02749638205499272,0.07584528351532693
2013-04-01,3,steady_bull,0.9999999426681841,bullish,0.016087681066529802,0.05255736444045622
2013-05-01,3,steady_bull,1.0,bullish,0.04435458393883862,0.0601503759398494
2013-06-01,4,steady_bull,1.0,bullish,-0.021684686335593506,0.03622258872396289
2013-07-01,4,steady_bull,1.0,bullish,0.04780802381100013,0.05022632851739317
2013-08-01,1,mixed_drift,1.0,neutral,-0.02707612963722672,-0.0021684346246264585
2013-09-01,0,mixed_drift,1.0,neutral,0.03318259594231243,0.0901368858469811
2013-10-01,4,steady_bull,1.0,bullish,0.039161252215002884,0.05203780271707026
2013-11-01,3,steady_bull,1.0,bullish,0.02519577800476669,0.030870502780615094
2013-12-01,3,steady_bull,1.0,bullish,0.010662983425414385,0.005524861878453136
2014-01-01,2,mixed_drift,1.0,bearish,-0.02922042719288742,0.0008673967255774517
2014-02-01,0,mixed_drift,0.9670763522675396,neutral,0.03847882260420166,0.04544433209751708
2014-03-01,3,steady_bull,1.0,bullish,-0.006657360678621216,0.015247503489745462
2014-04-01,3,steady_bull,1.0,bullish,-0.010675589547482378,0.0280964520926279
2014-05-01,2,mixed_drift,1.0,bearish,0.011153008656858976,0.04413404854214242
2014-06-01,1,mixed_drift,0.5111679858919068,neutral,0.01525766775650017,0.011209715086408112
2014-07-01,3,steady_bull,1.0,bullish,0.0033494037046435388,0.016391778736361218
2014-08-01,1,mixed_drift,0.5094905177339454,neutral,0.04094357269042925,-0.025979424295957565
2014-09-01,4,steady_bull,0.999999999870397,bullish,-0.021624314897857322,0.01679123069257593
2014-10-01,4,steady_bull,0.9999999991741788,bullish,0.009975318798848276,0.033782394076511846
2014-11-01,2,mixed_drift,1.0,bearish,0.02979820516634435,-0.004412712578709788
2014-12-01,4,steady_bull,0.9999913779891981,bullish,0.013168124392614056,0.015063168124392678
2015-01-01,4,steady_bull,1.0,bullish,-0.0008752735229760056,0.0009238998298080059
2015-02-01,4,steady_bull,1.0,bullish,0.06250627573049505,0.05146099005924287
2015-03-01,0,mixed_drift,0.5427991193539603,neutral,-0.023762094479225948,-0.004031493075317805
2015-04-01,3,steady_bull,0.9999999795631995,bullish,0.030024330900243257,0.021897810218978186
2015-05-01,2,mixed_drift,1.0,bearish,0.009349342698495633,4.745859237820227e-05
2015-06-01,4,steady_bull,0.5662056088064512,bullish,-0.008224228387767596,-0.013943375714893347
2015-07-01,0,mixed_drift,0.6845978472156976,neutral,0.002168047793409178,-0.05179225284255151
2015-08-01,3,steady_bull,0.999876295742948,bullish,-0.07521261937568302,-0.05302418396921171
2015-09-01,4,steady_bull,1.0,bullish,0.006157699733862154,0.06893492668162615
2015-10-01,3,steady_bull,1.0,bullish,0.07701514284227517,0.05000780558880158
2015-11-01,2,mixed_drift,1.0,bearish,0.006975513542117673,-0.09164381584644254
2015-12-01,3,steady_bull,0.99999999927104,bullish,-0.023732675147142612,-0.13181127776723
2016-01-01,2,mixed_drift,1.0,bearish,-0.0674250968469573,-0.0069631736380131315
2016-02-01,2,mixed_drift,0.9998811814025339,bearish,0.00934386453977587,0.07392493934231581
2016-03-01,3,steady_bull,0.9999999729211598,bullish,0.025132475397426246,0.042493060812515804
2016-04-01,4,steady_bull,1.0,bullish,0.010149830836152729,0.007491541807636448
2016-05-01,4,steady_bull,0.9999999974020284,bullish,0.013906386277740213,0.04133152437251675
2016-06-01,0,mixed_drift,0.9797599666559025,neutral,-0.03352991534290872,0.03899933415770951
2016-07-01,1,mixed_drift,0.9999815197245473,neutral,0.0328361054186721,0.03097745794214357
2016-08-01,1,mixed_drift,0.8671935583005246,neutral,0.0032272936837252075,-0.01779621945597054
2016-09-01,1,mixed_drift,1.0,neutral,-0.014718734188859717,-0.004185640034957028
2016-10-01,4,steady_bull,1.0,bullish,-0.012017564132193126,0.04432632308758966
2016-11-01,4,steady_bull,1.0,bullish,0.04985781990521332,0.07597156398104277
2016-12-01,2,mixed_drift,0.9931988229900267,bearish,0.030566690962098964,0.06459548104956259
2017-01-01,4,steady_bull,0.9999999937449502,bullish,0.025768353241175657,0.06706034984118459
2017-02-01,4,steady_bull,1.0,bullish,0.04015111579687236,0.021569144262871376
2017-03-01,0,mixed_drift,0.9997599883223163,neutral,-0.024319025570433306,-0.0029199516122303537
2017-04-01,4,steady_bull,0.9995472794323387,bullish,0.011624453777947297,0.03741886216113022
2017-05-01,4,steady_bull,0.9947295252653491,bullish,0.012864565873281997,0.024220583305397225
2017-06-01,4,steady_bull,0.9997099566037349,bullish,-0.0004519681157038047,0.012901635302818626
2017-07-01,4,steady_bull,0.9267972470826662,bullish,0.023451071221771702,0.03470096782198695
2017-08-01,4,steady_bull,1.0,bullish,-0.011200517569042945,0.02951760947798321
2017-09-01,2,mixed_drift,0.9999999999558895,bearish,0.004760367919961261,0.04219783766338536
2017-10-01,3,steady_bull,0.999518881857398,bullish,0.01636146496815294,0.06182324840764353
2017-11-01,4,steady_bull,0.9999999999995453,bullish,0.011028269648959421,0.07917831624728189
2017-12-01,4,steady_bull,0.9999999999745341,bullish,0.011004802783345147,0.0062020194380365545
2018-01-01,4,steady_bull,0.9999999929223122,bullish,0.0616053361313047,0.030540358240275678
2018-02-01,1,mixed_drift,0.7328243298625787,neutral,-0.013140137793877349,-0.058562397897578
2018-03-01,2,mixed_drift,0.9984587713887682,bearish,-0.009562943593574902,0.018453492715726494
2018-04-01,0,mixed_drift,1.0,neutral,0.000531329462218677,0.05472693460852418
2018-05-01,3,steady_bull,1.0,bullish,0.027055582808195977,0.053960227915927694
2018-06-01,1,mixed_drift,0.9999991643816283,neutral,-0.007601505682856335,0.03058875123341731
2018-07-01,1,mixed_drift,0.9974740433815977,neutral,0.047713864306784703,0.06633480825958715
2018-08-01,0,mixed_drift,0.5191061771866854,neutral,0.023601865366131403,-0.017443309244954075
2018-09-01,3,steady_bull,0.9999998600969873,bullish,-0.001481481481481528,-0.06267011197243755
2018-10-01,2,mixed_drift,0.9999999999536158,bearish,-0.0737109160724081,-0.09013302249040056
2018-11-01,1,mixed_drift,1.0,neutral,-0.022298581663986017,-0.04825266851878929
2018-12-01,4,steady_bull,1.0,bullish,-0.10026461739225001,-0.005546090549896743
2019-01-01,4,steady_bull,1.0,bullish,0.06253498600559793,0.12483006797281093
2019-02-01,3,steady_bull,1.0,bullish,0.0340256951386575,0.07364211929356901
2019-03-01,2,mixed_drift,1.0,bearish,0.008795864148775756,0.008795864148775756
2019-04-01,4,steady_bull,1.0,bullish,0.021864614308203523,0.013048801819135702
2019-05-01,0,mixed_drift,1.0,neutral,-0.03252116102943703,0.030293684246598618
2019-06-01,2,mixed_drift,0.9999999918195499,bearish,0.054980571594581695,0.06191669390274912
2019-07-01,2,mixed_drift,1.0,bearish,0.014783991339355262,0.01593423322845844
2019-08-01,1,mixed_drift,0.9999943988293558,neutral,-0.023864406779661063,0.004271186440677921
2019-09-01,4,steady_bull,0.9999999799615582,bullish,0.017575653957941473,0.0571037784236621
2019-10-01,3,steady_bull,0.9999998210401078,bullish,0.02819446338469933,0.08171962361925544
2019-11-01,0,mixed_drift,0.9688460521082722,neutral,0.0255723570332147,0.0693360331820112
2019-12-01,3,steady_bull,0.9996395125964082,bullish,0.02201648054468519,0.0735897680633768
2020-01-01,4,steady_bull,0.9999999999990905,bullish,0.021375753433169775,-0.15820543093270367
2020-02-01,0,mixed_drift,0.998490044405282,neutral,-0.031515151515151496,-0.11794871794871786
2020-03-01,4,steady_bull,1.0,bullish,-0.16692546583850942,-0.049824466648663246
2020-04-01,3,steady_bull,1.0,bullish,0.14977239473256376,0.23691269712241914
2020-05-01,4,steady_bull,1.0,bullish,0.05787929144715909,0.1132128840646327
2020-06-01,4,steady_bull,0.9999999999781721,bullish,0.0060893763300049475,0.10270093304959893
2020-07-01,4,steady_bull,0.9999999969986675,bullish,0.03319381841596902,0.07566001287830004
2020-08-01,4,steady_bull,0.9999996919314545,bullish,0.064977636174254,0.06589669750628024
2020-09-01,1,mixed_drift,0.7971175108524238,neutral,-0.06802393172087218,0.0018714378881106164
2020-10-01,3,steady_bull,0.9999999979813765,bullish,0.007567439237914142,0.0868623319583346
2020-11-01,4,steady_bull,1.0,bullish,0.10941421313582667,0.1622390891840606
2020-12-01,3,steady_bull,1.0,bullish,0.0043719430554416405,0.06760116949476713
2021-01-01,3,steady_bull,1.0,bullish,0.026475543550931846,0.053726633327093154
2021-02-01,3,steady_bull,1.0,bullish,0.01624179271113002,0.09386214412929639
2021-03-01,0,mixed_drift,1.0,neutral,0.0002567262271513382,0.05327069213390834
2021-04-01,4,steady_bull,1.0,bullish,0.04274336504132026,0.06191795870471628
2021-05-01,3,steady_bull,1.0,bullish,0.004169861963190247,0.04555694018404921
2021-06-01,3,steady_bull,1.0,bullish,0.016657134686874464,0.060575731579449066
2021-07-01,3,steady_bull,1.0,bullish,0.024367015098722522,0.0348896631823461
2021-08-01,2,mixed_drift,0.9999001117456772,bearish,0.023671607753705803,-0.007571265678449235
2021-09-01,4,steady_bull,0.7917154269175536,bullish,-0.017550071926524358,0.03408210689388058
2021-10-01,0,mixed_drift,0.5567387481156871,neutral,0.05013933992031139,0.07489808609134241
2021-11-01,4,steady_bull,1.0,bullish,0.020366465972569303,0.010237572543308593
2021-12-01,3,steady_bull,1.0,bullish,0.04468963679957372,-0.02213391350679328
2022-01-01,4,steady_bull,0.6302159039726675,bullish,-0.08813252504841296,-0.08299654794981903
2022-02-01,4,steady_bull,0.999991715850891,bullish,-0.03360713654831293,-0.033320084790672944
2022-03-01,4,steady_bull,1.0,bullish,0.05246633642642862,-0.08749040675364539
2022-04-01,4,steady_bull,1.0,bullish,-0.08114015720215495,-0.1720171332685685
2022-05-01,1,mixed_drift,0.9999975601918072,neutral,-0.03583820639118718,-0.0807026908985029
2022-06-01,4,steady_bull,1.0,bullish,-0.07694561078019724,0.042525144028903394
2022-07-01,3,steady_bull,1.0,bullish,0.025498426023085052,0.07801678908709331
2022-08-01,2,mixed_drift,1.0,bearish,0.02137709388391107,-0.10897935333073638
2022-09-01,3,steady_bull,1.0,bullish,-0.08090516915159307,-0.00310300461666535
2022-10-01,3,steady_bull,0.9980648730686479,bullish,0.06955523833515276,0.11795000979651249
2022-11-01,3,steady_bull,1.0,bullish,0.04612704438492954,0.03609038196520986
2022-12-01,3,steady_bull,0.9999989742014609,bullish,-0.06386843397152675,0.012960235640648188
2023-01-01,4,steady_bull,0.999848051057427,bullish,0.05828365233762156,0.03545654220269845
2023-02-01,2,mixed_drift,1.0,bearish,-0.03474301852798689,0.004309400335987146
2023-03-01,4,steady_bull,1.0,bullish,0.0024571891782350086,0.042785489917924746
2023-04-01,4,steady_bull,1.0,bullish,-0.012262146119836781,0.06666015291042782
2023-05-01,4,steady_bull,1.0,bullish,-0.0021659085986570625,0.08189541068033601
2023-06-01,4,steady_bull,1.0,bullish,0.022758522592575048,0.062159214830970644
2023-07-01,0,mixed_drift,0.9443076456410626,neutral,0.027683144191503306,0.0074002211041670485
2023-08-01,4,steady_bull,0.9999999999972715,bullish,-0.03614853762734149,-0.049775440902617984
2023-09-01,1,mixed_drift,0.571783369745356,neutral,-0.05616259225603404,-0.024313482125047026
2023-10-01,3,steady_bull,1.0,bullish,-0.022905942910622312,0.10091249415067849
2023-11-01,1,mixed_drift,0.5706675610197448,neutral,0.07714873784570253,0.12448839575102322
2023-12-01,4,steady_bull,1.0,bullish,0.03801577273321444,0.035488649732037914
2024-01-01,4,steady_bull,0.6859443225242371,bullish,0.0,0.0
2024-02-01,0,mixed_drift,0.9983371520210547,neutral,0.0,0.0
2024-03-01,4,steady_bull,0.5397625407413023,bullish,0.0,0.0
2024-04-01,4,steady_bull,0.9999999986862349,bullish,0.0,0.0
2024-05-01,1,mixed_drift,0.5090474883590055,neutral,0.0,0.0
2024-06-01,2,mixed_drift,0.9999999151614283,bearish,0.0,0.0
2024-07-01,3,steady_bull,1.0,bullish,0.0,0.0
2024-08-01,2,mixed_drift,1.0,bearish,0.0,0.0
2024-09-01,1,mixed_drift,1.0,neutral,0.0,0.0
2024-10-01,4,steady_bull,1.0,bullish,0.0,0.0
2024-11-01,4,steady_bull,1.0,bullish,0.0,0.0
2024-12-01,1,mixed_drift,0.5762865167119345,neutral,0.0,0.0
2025-01-01,1,mixed_drift,1.0,neutral,0.0,0.0
2025-02-01,0,mixed_drift,1.0,neutral,0.0,0.0
2025-03-01,2,mixed_drift,1.0,bearish,0.0,0.0
2025-04-01,4,steady_bull,1.0,bullish,0.0,0.0
2025-05-01,3,steady_bull,1.0,bullish,0.0,0.0
2025-06-01,3,steady_bull,1.0,bullish,0.0,0.0
2025-07-01,3,steady_bull,1.0,bullish,0.0,0.0
2025-08-01,2,mixed_drift,1.0,bearish,0.0,0.0
2025-09-01,3,steady_bull,0.999890960083493,bullish,0.0,0.0
2025-10-01,3,steady_bull,0.9998152037717588,bullish,0.0,0.0
2025-11-01,2,mixed_drift,0.9999999999872671,bearish,0.0,0.0
2025-12-01,3,steady_bull,1.0,bullish,0.0,0.0
2026-01-01,3,steady_bull,0.999999999996362,bullish,0.0,0.0
2026-02-01,3,steady_bull,1.0,bullish,0.0,
2026-03-01,3,steady_bull,1.0,bullish,,
