month,qqq_sc,ivv_sc,iau_sc,p1_mode,p2_mode,gold_mode,eff_equity,gold_exp,cash_exp,monthly_ret,cum_ret,drawdown
2002-01-01,1,1,0,cash,cash,cash,0.0,0.0,1.0,0.0013786820421617385,1.0,0.0
2002-02-01,1,1,0,cash,cash,cash,0.0,0.0,1.0,0.0013011981474162493,1.0014474274834289,0.0
2002-03-01,0,0,0,cash,cash,cash,0.0,0.0,1.0,0.0014196071605556693,1.0027509069103586,0.0
2002-04-01,0,2,0,cash,ivv_partial,cash,0.315,0.0,0.685,-0.01735214392532458,1.0042909200421035,0.0
2002-05-01,0,0,0,cash,cash,cash,0.0,0.0,1.0,0.0015090222591056524,0.9867498402286197,-0.017466134028921085
2002-06-03,0,0,0,cash,cash,cash,0.0,0.0,1.0,0.0013496740298548637,0.9882380834392834,-0.015984249466426615
2002-07-01,0,0,0,cash,cash,cash,0.0,0.0,1.0,0.0014704754609260462,0.9895703120739977,-0.01465771289407722
2002-08-01,0,0,0,cash,cash,cash,0.0,0.0,1.0,0.0014116645077812962,0.9910242712212076,-0.013209965913402575
2002-09-02,0,0,0,cash,cash,cash,0.0,0.0,1.0,0.0012936513865187127,0.9923582891708784,-0.011881647671099956
2002-10-01,0,0,0,cash,cash,cash,0.0,0.0,1.0,0.0013806708175294613,0.9937035660224119,-0.010542118631569142
2002-11-01,0,0,0,cash,cash,cash,0.0,0.0,1.0,0.0009313629402161183,0.9950696208352263,-0.009181900406398782
2002-12-02,1,1,0,cash,cash,cash,0.0,0.0,1.0,0.0009929294894326368,0.9959888827265534,-0.00826656614121541
2003-01-01,1,0,0,cash,cash,cash,0.0,0.0,1.0,0.0009746584195309271,0.9969295654089707,-0.007329902607129213
2003-02-03,1,0,0,cash,cash,cash,0.0,0.0,1.0,0.0008789371522281986,0.9979471663396154,-0.006316649464701047
2003-03-03,2,0,0,qqq_partial,cash,cash,0.315,0.0,0.685,0.0022364083789452316,0.992310342502496,-0.01192938948318412
2003-04-01,2,0,0,qqq_partial,cash,cash,0.315,0.0,0.685,0.028535799429683983,1.0035908993514062,-0.02075549708631281
2003-05-01,3,3,0,qld,sso,cash,1.8,0.0,-0.8,0.12688317448661857,1.0379425871237784,0.0
2003-06-02,3,3,0,qld,sso,cash,1.8,0.0,-0.8,0.01007488604799378,1.1561082034387822,-0.003537654390723977
2003-07-01,3,3,0,qld,sso,cash,1.8,0.0,-0.8,0.07231875099690632,1.19629768368229,-0.041808022144496075
2003-08-01,3,3,0,qld,sso,cash,1.8,0.0,-0.8,0.061214258238901476,1.234467664052053,-0.04930100986586456
2003-09-01,3,3,0,qld,sso,cash,1.8,0.0,-0.8,-0.0406926499050293,1.3335330009253457,-3.309432077324139e-05
2003-10-01,3,3,0,qld,sso,cash,1.8,0.0,-0.8,0.12543190661641224,1.3297920094144626,-0.0635496030899738
2003-11-03,3,3,0,qld,sso,cash,1.8,0.0,-0.8,0.011903704681199612,1.4704053601436082,0.0
2003-12-01,3,3,0,qld,sso,cash,1.8,0.0,-0.8,0.0719912784183645,1.4909067386079777,0.0
2004-01-01,3,3,0,qld,sso,cash,1.8,0.0,-0.8,0.03098468560830203,1.5617481315113997,-0.0018274322567748047
2004-02-02,3,3,0,qld,sso,cash,1.8,0.0,-0.8,-0.0020587512927114915,1.6124412223330433,-0.054471545921967346
2004-03-01,3,3,0,qld,sso,cash,1.8,0.0,-0.8,-0.034195443697977,1.6407728011757352,-0.037858032465668885
2004-04-01,2,3,0,qqq_partial,sso,cash,1.215,0.0,-0.21500000000000008,-0.02801526396521914,1.5650389466400234,-0.08226803228997984
2004-05-03,1,2,0,cash,ivv_partial,cash,0.315,0.0,0.685,0.006190841125937929,1.5137828811484422,-0.11232436407753763
2004-06-01,3,3,0,qld,sso,cash,1.8,0.0,-0.8,0.04395447921413487,1.5139313967964905,-0.11223727515351327
2004-07-01,3,3,0,qld,sso,cash,1.8,0.0,-0.8,-0.08236968349473228,1.5371995110658745,-0.0985929550941384
2004-08-02,0,2,0,cash,ivv_partial,cash,0.315,0.0,0.685,0.0017362914515812733,1.4550474492128849,-0.14676656351304812
2004-09-01,0,2,0,cash,ivv_partial,cash,0.315,0.0,0.685,0.004283471496005831,1.4574876352173174,-0.1453356491525882
2004-10-01,0,3,0,cash,sso,cash,0.9,0.0,0.09999999999999998,-0.00457741449980853,1.4862733416868097,-0.1284558372495771
2004-11-01,3,3,0,qld,sso,cash,1.8,0.0,-0.8,0.09425476025055546,1.464544970199851,-0.14119725890088602
2004-12-01,3,3,0,qld,sso,cash,1.8,0.0,-0.8,0.05294017198772716,1.639475092212411,-0.038619003304754554
2005-01-03,3,3,0,qld,sso,cash,1.8,0.0,-0.8,-0.07950548246111122,1.6540427125244168,-0.030076614706380227
2005-02-01,3,3,0,qld,sso,cash,1.8,0.0,-0.8,0.01307798683496375,1.5579074499134735,-0.08644991066279938
2005-03-01,3,3,0,qld,sso,cash,1.8,0.0,-0.8,-0.034208278483974675,1.586786484846975,-0.06951537135820991
2005-04-01,2,3,0,qqq_partial,sso,cash,1.215,0.0,-0.21500000000000008,-0.03181285682354762,1.5000080137961886,-0.12040188582053861
2005-05-02,0,2,0,cash,ivv_partial,cash,0.315,0.0,0.685,0.011614328570834331,1.4655355502392942,-0.14061638711445273
2005-06-01,3,3,0,qld,sso,cash,1.8,0.0,-0.8,-0.03114862701433463,1.5017371413910683,-0.1193879329898583
2005-07-01,1,3,1,cash,sso,cash,0.9,0.0,0.09999999999999998,0.03545787188388805,1.4376468057647847,-0.1569702244413142
2005-08-01,3,3,1,qld,sso,cash,1.8,0.0,-0.8,-0.025376841863959165,1.4855457445412859,-0.1288824970215242
2005-09-01,3,3,1,qld,sso,cash,1.8,0.0,-0.8,0.014246728190191682,1.44388656733303,-0.1533112556505623
2005-10-03,3,3,2,qld,sso,cash,1.8,0.0,-0.8,-0.06562310814845174,1.4653868719838892,-0.1407035713907172
2005-11-01,3,2,2,qld,ivv_partial,cash,1.215,0.0,-0.21500000000000008,0.06450801176135346,1.3716906488252005,-0.1956466253198401
2005-12-01,3,3,3,qld,sso,iau,1.8,0.1,-0.9,-0.015530754049409623,1.5000981166320377,-0.12034904991315269
2006-01-02,3,3,3,qld,sso,iau,1.8,0.1,-0.9,0.0623168683397759,1.4369824685866996,-0.1573597888460696
2006-02-01,3,3,3,qld,sso,iau,1.8,0.1,-0.9,-0.018664546050761066,1.540618366864491,-0.09658815306277856
2006-03-01,3,3,3,qld,sso,iau,1.8,0.1,-0.9,0.03197232015150364,1.5271139611564413,-0.10450707728495869
2006-04-03,3,3,3,qld,sso,iau,1.8,0.1,-0.9,0.02056743559488461,1.5473101631962032,-0.09266411307118502
2006-05-01,3,3,3,qld,sso,iau,1.8,0.1,-0.9,-0.06454102059992728,1.5533870457764245,-0.08910065580396341
2006-06-01,0,2,3,cash,ivv_partial,iau,0.315,0.1,0.5850000000000001,-0.0013082003346654991,1.476721698530544,-0.1340568788642174
2006-07-03,0,2,3,cash,ivv_partial,iau,0.315,0.1,0.5850000000000001,0.006799803166991358,1.478277974474723,-0.13314428548268054
2006-08-01,0,3,3,cash,sso,iau,0.9,0.1,-2.7755575615628914e-17,0.01988940117730098,1.4808539479050735,-0.1316337459717759
2006-09-01,0,3,3,cash,sso,iau,0.9,0.1,-2.7755575615628914e-17,0.019031368241276603,1.5204181836071136,-0.10843345184508424
2006-10-02,3,3,2,qld,sso,cash,1.8,0.0,-0.8,0.06586635916469885,1.5198439680674687,-0.1087701693166969
2006-11-01,3,3,2,qld,sso,cash,1.8,0.0,-0.8,0.043026135924715936,1.6148851171790959,-0.05303845671306342
2006-12-01,3,3,3,qld,sso,iau,1.8,0.1,-0.9,-0.0087672581650301,1.700080783032379,-0.029479493693173483
2007-01-01,3,3,3,qld,sso,iau,1.8,0.1,-0.9,0.021296204425305554,1.6995962523200676,-0.030256652020925225
2007-02-01,3,3,3,qld,sso,iau,1.8,0.1,-0.9,-0.035782930798924584,1.747312764815388,-0.020628517354340965
2007-03-01,3,3,3,qld,sso,iau,1.8,0.1,-0.9,0.0108763222532553,1.6625590825190786,-0.08228704390510745
2007-04-02,3,3,3,qld,sso,iau,1.8,0.1,-0.9,0.08862090535985345,1.6912938932434272,-0.06642576813455658
2007-05-01,3,3,3,qld,sso,iau,1.8,0.1,-0.9,0.054038773169712506,1.8483186418730613,-0.01585944213100969
2007-06-01,3,3,3,qld,sso,iau,1.8,0.1,-0.9,-0.017491224963580243,1.9498169490635182,0.0
2007-07-02,3,3,2,qld,sso,cash,1.8,0.0,-0.8,-0.038380571015551035,1.9364279992064257,-0.008285567231551447
2007-08-01,3,2,2,qld,ivv_partial,cash,1.215,0.0,-0.21500000000000008,0.024864214817155172,1.8476822306625749,-0.10155504383518793
2007-09-03,3,2,3,qld,ivv_partial,iau,1.215,0.1,-0.31500000000000006,0.06985455028752141,1.8798200722394605,-0.08592785362487647
2007-10-01,3,3,3,qld,sso,iau,1.8,0.1,-0.9,0.08002998646084403,2.0504633193013535,-0.002951699997331007
2007-11-01,3,3,3,qld,sso,iau,1.8,0.1,-0.9,-0.10735214780666291,2.0942048513258893,-0.03587252043392887
2007-12-03,3,2,3,qld,ivv_partial,iau,1.215,0.1,-0.31500000000000006,0.00041565710615820706,1.9221444809809474,-0.11508546423398072
2008-01-01,3,1,3,qqq,cash,iau,0.45,0.1,0.45000000000000007,-0.037372524338566415,1.939748141618806,-0.10698111238360197
2008-02-01,0,0,3,cash,cash,iau,0.0,0.1,0.9,0.006748473645205477,1.8632041831646575,-0.1422203267774016
2008-03-03,0,0,3,cash,cash,iau,0.0,0.1,0.9,-0.005372911129774338,1.8821330538240282,-0.13350587635088443
2008-04-01,0,0,3,cash,cash,iau,0.0,0.1,0.9,-0.0030899357141652706,1.862595481761625,-0.14250055998817965
2008-05-01,1,0,2,cash,cash,cash,0.0,0.0,1.0,0.0014458354818798203,1.8640832869233461,-0.14181560605936636
2008-06-02,3,1,2,qqq,cash,cash,0.45,0.0,0.55,-0.04266210169417639,1.856443841877632,-0.14533264446778413
2008-07-01,0,0,3,cash,cash,iau,0.0,0.1,0.9,-0.00015561114061501957,1.7896022280324062,-0.17610510526402626
2008-08-01,0,0,2,cash,cash,cash,0.0,0.0,1.0,0.0014359014445706197,1.786874543947236,-0.17736087314195026
2008-09-01,0,0,0,cash,cash,cash,0.0,0.0,1.0,0.0009456595555885627,1.7893245816278986,-0.17623292777767338
2008-10-01,0,0,0,cash,cash,cash,0.0,0.0,1.0,0.0005890531844228164,1.7910763740723488,-0.17542643970506613
2008-11-03,0,0,0,cash,cash,cash,0.0,0.0,1.0,0.00013651642463829994,1.7921065234296294,-0.17495218079826302
2008-12-01,0,0,0,cash,cash,cash,0.0,0.0,1.0,3.0159149349451297e-05,1.792321303466033,-0.174853300626618
2009-01-01,0,0,3,cash,cash,iau,0.0,0.1,0.9,-0.002842551486024969,1.792370379545296,-0.1748307070410015
2009-02-02,0,0,3,cash,cash,iau,0.0,0.1,0.9,0.001579050719319408,1.7826867253998384,-0.17928885594574626
2009-03-02,0,0,3,cash,cash,iau,0.0,0.1,0.9,-0.0022795486599266335,1.786945478584956,-0.17732821633980622
2009-04-01,1,0,3,cash,cash,iau,0.0,0.1,0.9,-0.0030234522473059355,1.7874297855726557,-0.17710525167849733
2009-05-01,2,1,3,qqq_partial,cash,iau,0.315,0.1,0.5850000000000001,0.019290237668295296,1.781437367315736,-0.17986403389929675
2009-06-01,2,2,3,qqq_partial,ivv_partial,iau,0.63,0.1,0.27,0.0038896078430785685,1.8441915478630202,-0.1509733406679343
2009-07-01,3,2,3,qld,ivv_partial,iau,1.215,0.1,-0.31500000000000006,0.10133667162463622,1.8280057959696365,-0.15842491741696618
2009-08-03,3,3,3,qld,sso,iau,1.8,0.1,-0.9,0.045457371238400546,2.066534482677168,-0.04861137106120418
2009-09-01,3,3,3,qld,sso,iau,1.8,0.1,-0.9,0.08943750919290228,2.0202864496478514,-0.06990298419599994
2009-10-01,3,3,3,qld,sso,iau,1.8,0.1,-0.9,-0.046377444715404725,2.1699753161782307,-0.071444453552571
2009-11-02,3,3,3,qld,sso,iau,1.8,0.1,-0.9,0.12499445126156195,2.2039462569800845,-0.0899040531864755
2009-12-01,3,3,3,qld,sso,iau,1.8,0.1,-0.9,0.05953729800084995,2.5043500192959325,-0.010634210807231533
2010-01-01,3,3,3,qld,sso,iau,1.8,0.1,-0.9,-0.09682350415171204,2.5978352824507653,-0.019818638528828963
2010-02-01,3,3,3,qld,sso,iau,1.8,0.1,-0.9,0.07281304945438705,2.405938834732938,-0.11585920738476535
2010-03-01,3,3,3,qld,sso,iau,1.8,0.1,-0.9,0.12982039961222513,2.573158530102905,-0.05440886963264543
2010-04-01,3,3,3,qld,sso,iau,1.8,0.1,-0.9,0.03706106625801975,2.8620563265289034,-0.00011883112223762818
2010-05-03,3,3,3,qld,sso,iau,1.8,0.1,-0.9,-0.14295736427541028,3.0238135329396165,-0.02094681945173976
2010-06-01,2,1,3,qqq_partial,cash,iau,0.315,0.1,0.5850000000000001,-0.017871457528180867,2.52187398022012,-0.18346527840421764
2010-07-01,0,0,3,cash,cash,iau,0.0,0.1,0.9,-0.004530265049162652,2.4739664694199575,-0.19897681716482743
2010-08-02,2,1,3,qqq_partial,cash,iau,0.315,0.1,0.5850000000000001,-0.011873409032603366,2.4867685506415773,-0.19483174730482217
2010-09-01,0,0,3,cash,cash,iau,0.0,0.1,0.9,0.004566784918584199,2.4412978152465774,-0.20955430464024896
2010-10-01,3,3,3,qld,sso,iau,1.8,0.1,-0.9,0.09652034937878429,2.461529004125155,-0.20300383133821698
2010-11-01,3,3,3,qld,sso,iau,1.8,0.1,-0.9,-0.0038124976305965452,2.6898108792069744,-0.12909051180786252
2010-12-01,3,3,3,qld,sso,iau,1.8,0.1,-0.9,0.1085476949065638,2.783717393699247,-0.09868537250733111
2011-01-03,3,3,3,qld,sso,iau,1.8,0.1,-0.9,0.039318676574039646,3.037088032925594,-0.01664878940131381
2011-02-01,3,3,3,qld,sso,iau,1.8,0.1,-0.9,0.06516859600070579,3.188381807467998,0.0
2011-03-01,3,3,3,qld,sso,iau,1.8,0.1,-0.9,-0.007002491569430003,3.1935022981234438,-0.052739096497613776
2011-04-01,3,3,3,qld,sso,iau,1.8,0.1,-0.9,0.06007716737077384,3.2774404694375208,-0.027841244367044504
2011-05-02,3,3,3,qld,sso,iau,1.8,0.1,-0.9,-0.025523447376284314,3.446949031433334,-0.004266623816699319
2011-06-01,3,3,3,qld,sso,iau,1.8,0.1,-0.9,-0.03914033600883171,3.2364146271776852,-0.0650845039885581
2011-07-01,3,3,3,qld,sso,iau,1.8,0.1,-0.9,0.0019116140140018612,3.3286308079056783,-0.038445662468806464
2011-08-01,3,2,3,qld,ivv_partial,iau,1.215,0.1,-0.31500000000000006,-0.066448189606928,3.231088085354241,-0.06662320253758597
2011-09-01,1,0,3,cash,cash,iau,0.0,0.1,0.9,-0.012082535600087763,3.032015123772526,-0.12413017184143528
2011-10-03,0,0,3,cash,cash,iau,0.0,0.1,0.9,0.005791495402791558,3.0005123446465007,-0.13323050037320647
2011-11-01,3,2,3,qld,ivv_partial,iau,1.215,0.1,-0.31500000000000006,-0.032647200579069335,2.915260224295203,-0.15785760708411833
2011-12-01,3,1,3,qqq,cash,iau,0.45,0.1,0.45000000000000007,-0.013646698464005791,2.921762595111268,-0.1559792423079545
2012-01-02,1,3,0,cash,sso,cash,0.9,0.0,0.09999999999999998,0.04222483746703576,2.874284687375252,-0.16969436746152952
2012-02-01,3,3,3,qld,sso,iau,1.8,0.1,-0.9,0.09278101789861504,3.0417858029150247,-0.12130767831413225
2012-03-01,3,3,2,qld,sso,cash,1.8,0.0,-0.8,0.07584180035735555,3.3190115642118685,-0.04122441025771251
2012-04-02,3,3,1,qld,sso,cash,1.8,0.0,-0.8,-0.01907151800178497,3.578209140922279,0.0
2012-05-01,3,3,1,qld,sso,cash,1.8,0.0,-0.8,-0.11575399800459663,3.480216862030928,-0.027385844435603223
2012-06-01,2,2,0,qqq_partial,ivv_partial,cash,0.63,0.0,0.37,0.02482071450991752,3.0046226857630973,-0.16029986861286158
2012-07-02,3,3,0,qld,sso,cash,1.8,0.0,-0.8,0.019255474943778772,3.1481111153966936,-0.12019924173988557
2012-08-01,3,3,0,qld,sso,cash,1.8,0.0,-0.8,0.06755366199011958,3.175581203711289,-0.112522192346536
2012-09-03,3,3,3,qld,sso,iau,1.8,0.1,-0.9,0.034216558279800635,3.40640711720879,-0.0480134103254812
2012-10-01,3,3,3,qld,sso,iau,1.8,0.1,-0.9,-0.0683179323249582,3.5263646146142764,-0.03280341411968494
2012-11-01,2,3,3,qqq_partial,sso,iau,1.215,0.1,-0.31500000000000006,0.007970002618690186,3.332041243088789,-0.08610161837153367
2012-12-03,3,3,3,qld,sso,iau,1.8,0.1,-0.9,-0.008379424227408339,3.2920441758278485,-0.09707184724114204
2013-01-01,2,3,2,qqq_partial,sso,cash,1.215,0.0,-0.21500000000000008,0.05587952882705749,3.2807741991910597,-0.10016292945109817
2013-02-01,3,3,0,qld,sso,cash,1.8,0.0,-0.8,0.012510546124674837,3.5287531931553078,-0.03214828475489427
2013-03-01,3,3,0,qld,sso,cash,1.8,0.0,-0.8,0.061627200455088404,3.5305455572193107,-0.03165668261137972
2013-04-01,3,3,0,qld,sso,cash,1.8,0.0,-0.8,0.03868235112164298,3.689878062532128,-0.00910386614677804
2013-05-01,3,3,0,qld,sso,cash,1.8,0.0,-0.8,0.052581740504181074,3.819376195436112,-0.01249281005677237
2013-06-03,3,3,0,qld,sso,cash,1.8,0.0,-0.8,-0.037560358213357015,4.099644357393999,-0.027713459062150142
2013-07-01,3,3,0,qld,sso,cash,1.8,0.0,-0.8,0.10685468369550799,3.9638171682837187,-0.059926728397857544
2013-08-01,3,3,0,qld,sso,cash,1.8,0.0,-0.8,-0.03449478416837992,4.4255244102941615,0.0
2013-09-02,3,3,0,qld,sso,cash,1.8,0.0,-0.8,0.07351673880696441,4.187088155008128,-0.06030091910157331
2013-10-01,3,3,0,qld,sso,cash,1.8,0.0,-0.8,0.08880534213473457,4.572509450850139,-0.01008700736725954
2013-11-01,3,3,0,qld,sso,cash,1.8,0.0,-0.8,0.059138342293850066,4.904105883811738,-0.008653922114718311
2013-12-02,3,3,0,qld,sso,cash,1.8,0.0,-0.8,0.05130461041533163,5.162104353585951,-0.004162929612523771
2014-01-01,3,3,0,qld,sso,cash,1.8,0.0,-0.8,-0.053475654607754275,5.449443266899457,-3.4363393909653224e-05
2014-02-03,3,3,0,qld,sso,cash,1.8,0.0,-0.8,0.09062653043975377,4.938661017679009,-0.09894353685674533
2014-03-03,3,3,2,qld,sso,cash,1.8,0.0,-0.8,-0.019570560292412886,5.5502871395289874,-0.013401286159708795
2014-04-01,3,3,0,qld,sso,cash,1.8,0.0,-0.8,0.0009392837367445672,5.6381330859446415,-0.013705369026801426
2014-05-01,3,3,1,qld,sso,cash,1.8,0.0,-0.8,0.06229016592418146,5.534030163385695,-0.03191638888450401
2014-06-02,3,3,0,qld,sso,cash,1.8,0.0,-0.8,0.04866892358677766,5.8646002438437295,-8.591667803257882e-06
2014-07-01,3,3,3,qld,sso,iau,1.8,0.1,-0.9,-0.0051613464175864765,6.252004831542979,0.0
2014-08-01,3,3,0,qld,sso,cash,1.8,0.0,-0.8,0.08573838985139681,6.08019903871449,-0.05450803919817849
2014-09-01,3,3,1,qld,sso,cash,1.8,0.0,-0.8,-0.020763669915348726,6.642692041934413,-3.285714285723541e-05
2014-10-01,3,3,0,qld,sso,cash,1.8,0.0,-0.8,-0.026400914033660072,6.333402130797434,-0.054536752266329716
2014-11-03,3,3,0,qld,sso,cash,1.8,0.0,-0.8,0.06727869392693275,6.353751015601719,-0.05149902904625124
2014-12-01,3,3,0,qld,sso,cash,1.8,0.0,-0.8,-0.02743391180282395,6.644270101400208,-0.017022956446520132
2015-01-01,3,3,0,qld,sso,cash,1.8,0.0,-0.8,-0.04659082045614327,6.573682651554311,-0.029539365110861866
2015-02-02,3,3,3,qld,sso,iau,1.8,0.1,-0.9,0.11388103799332105,6.374422714927265,-0.058955741723038316
2015-03-02,3,3,0,qld,sso,cash,1.8,0.0,-0.8,-0.037754871153788616,7.07584315028402,0.0
2015-04-01,3,3,0,qld,sso,cash,1.8,0.0,-0.8,0.024213748527730727,6.66706483745975,-0.05777096865238757
2015-05-01,3,3,0,qld,sso,cash,1.8,0.0,-0.8,0.03024291650470956,7.029650548532347,-0.016387105208152078
2015-06-01,3,3,0,qld,sso,cash,1.8,0.0,-0.8,-0.041587422286880504,7.119697646390757,-0.010381053737421493
2015-07-01,3,2,0,qld,ivv_partial,cash,1.215,0.0,-0.21500000000000008,0.04727715113881148,6.8572575535289815,-0.04685952530377846
2015-08-03,3,3,0,qld,sso,cash,1.8,0.0,-0.8,-0.06769339912855132,7.074529231066549,-0.025791240051995862
2015-09-01,0,0,0,cash,cash,cash,0.0,0.0,1.0,1.865094907516074e-05,6.633313675407186,-0.08654949622841082
2015-10-01,0,0,0,cash,cash,cash,0.0,0.0,1.0,1.2698480568396064e-05,6.6334242314362815,-0.0865342719430214
2015-11-02,3,3,0,qld,sso,cash,1.8,0.0,-0.8,-0.008584985578236282,6.770356820460694,-0.06767776242940804
2015-12-01,3,3,0,qld,sso,cash,1.8,0.0,-0.8,-0.028841349241446212,6.691134693096681,-0.07858716543545115
2016-01-01,3,2,0,qld,ivv_partial,cash,1.215,0.0,-0.21500000000000008,-0.044437761093756745,6.386776247439252,-0.12049930605133273
2016-02-01,0,0,1,cash,cash,cash,0.0,0.0,1.0,0.0002480450878370455,6.1031538570015265,-0.15955595678485013
2016-03-01,0,0,3,cash,cash,iau,0.0,0.1,0.9,-0.0007374549502155991,6.099529452475404,-0.1600550608981582
2016-04-01,3,3,3,qld,sso,iau,1.8,0.1,-0.9,-0.006375685991341529,6.18690284226961,-0.14802317595660222
2016-05-02,0,3,3,cash,sso,iau,0.9,0.1,-2.7755575615628914e-17,0.006571774365736527,6.098335515661325,-0.16021947377498863
2016-06-01,3,3,3,qld,sso,iau,1.8,0.1,-0.9,-0.026184318525615646,6.109999444626787,-0.1586132747753908
2016-07-01,3,3,3,qld,sso,iau,1.8,0.1,-0.9,0.09892928629735476,5.990902214489049,-0.1750137391873862
2016-08-01,3,3,3,qld,sso,iau,1.8,0.1,-0.9,0.005430502745566557,6.556324966741684,-0.09715134293075454
2016-09-01,3,3,3,qld,sso,iau,1.8,0.1,-0.9,0.01881994570707879,6.582559861306381,-0.09353862705009847
2016-10-03,3,3,3,qld,sso,iau,1.8,0.1,-0.9,-0.033031551083103516,6.662469133029734,-0.08253459978958498
2016-11-01,3,3,2,qld,sso,cash,1.8,0.0,-0.8,0.03244526133772774,6.386365694152384,-0.12055584191335676
2016-12-01,3,3,0,qld,sso,cash,1.8,0.0,-0.8,0.027055207365188627,6.551318234682595,-0.09784080255009679
2017-01-02,3,3,0,qld,sso,cash,1.8,0.0,-0.8,0.06253157389398978,6.857368535592773,-0.05569568244484453
2017-02-01,3,3,0,qld,sso,cash,1.8,0.0,-0.8,0.07505488585591746,7.33474944601755,-0.007946014615312231
2017-03-01,3,3,1,qld,sso,cash,1.8,0.0,-0.8,0.01873765859254628,8.003457564863096,0.0
2017-04-03,3,3,1,qld,sso,cash,1.8,0.0,-0.8,0.03406432326010567,7.9621108630391655,-0.006446023301163103
2017-05-01,3,3,3,qld,sso,iau,1.8,0.1,-0.9,0.04559499145974821,8.322638589476682,0.0
2017-06-01,3,3,3,qld,sso,iau,1.8,0.1,-0.9,-0.021293134685757553,8.720824853006402,0.0
2017-07-03,3,3,2,qld,sso,cash,1.8,0.0,-0.8,0.05484979754730035,8.385578778888657,-0.05137195478696559
2017-08-01,3,3,3,qld,sso,iau,1.8,0.1,-0.9,0.021662482226445512,8.939738737704634,-0.009778527505340012
2017-09-01,3,3,3,qld,sso,iau,1.8,0.1,-0.9,0.010794666330331104,9.11398343230179,0.0
2017-10-02,3,3,3,qld,sso,iau,1.8,0.1,-0.9,0.06171354787022221,9.232880291509618,0.0
2017-11-01,3,3,2,qld,sso,cash,1.8,0.0,-0.8,0.04373213019465627,9.7761797408691,0.0
2017-12-01,3,3,2,qld,sso,cash,1.8,0.0,-0.8,0.014925882853155992,10.134805518559867,-0.00765657293145477
2018-01-01,3,3,3,qld,sso,iau,1.8,0.1,-0.9,0.13647261406563804,10.345401609865009,-0.021890653524343145
2018-02-01,3,3,3,qld,sso,iau,1.8,0.1,-0.9,-0.0540540016595652,11.652623515413813,-0.03200929770764208
2018-03-01,3,3,3,qld,sso,iau,1.8,0.1,-0.9,-0.06643556108012338,10.816163410096644,-0.10149456029374325
2018-04-02,3,2,3,qld,ivv_partial,iau,1.215,0.1,-0.31500000000000006,0.0023972186248237826,10.036256843157691,-0.16628188517856762
2018-05-01,3,2,3,qld,ivv_partial,iau,1.215,0.1,-0.31500000000000006,0.06206504324896378,10.5185486080941,-0.12621760749611505
2018-06-01,3,3,1,qld,sso,cash,1.8,0.0,-0.8,0.012413484593710278,11.314975572637753,-0.06005792287973593
2018-07-02,3,3,0,qld,sso,cash,1.8,0.0,-0.8,0.05475588016910904,11.290933488361969,-0.06205511381376929
2018-08-01,3,3,0,qld,sso,cash,1.8,0.0,-0.8,0.08125122592460099,11.847254185332286,-0.03936171348611145
2018-09-03,3,3,0,qld,sso,cash,1.8,0.0,-0.8,0.0002522865851595224,12.762758997972748,-0.0047939863166951615
2018-10-01,3,3,0,qld,sso,cash,1.8,0.0,-0.8,-0.11559336319934976,12.826030310658378,0.0
2018-11-01,1,0,0,cash,cash,cash,0.0,0.0,1.0,0.0018480488749832436,11.291710055640475,-0.11962549735617646
2018-12-03,0,2,0,cash,ivv_partial,cash,0.315,0.0,0.685,-0.026609847961112654,11.359464364024042,-0.1143429347282632
2019-01-01,0,0,3,cash,cash,iau,0.0,0.1,0.9,0.004712929875401173,11.010559891143158,-0.1415457764828898
2019-02-01,0,0,3,cash,cash,iau,0.0,0.1,0.9,0.0009806869420490028,11.061068816498674,-0.13760777508010635
2019-03-01,3,3,3,qld,sso,iau,1.8,0.1,-0.9,0.048596454403828204,11.196816117016953,-0.1270240405004778
2019-04-01,3,3,3,qld,sso,iau,1.8,0.1,-0.9,0.08386803832912548,11.866215557654229,-0.07483334513926318
2019-05-01,3,3,3,qld,sso,iau,1.8,0.1,-0.9,-0.13279969484120968,12.456866424230176,-0.02878239622757079
2019-06-03,2,2,3,qqq_partial,ivv_partial,iau,0.63,0.1,0.27,0.05423545130774721,10.843514101230301,-0.15456974304673318
2019-07-01,3,3,3,qld,sso,iau,1.8,0.1,-0.9,0.030853588402695697,11.702852503051595,-0.08757018191929791
2019-08-01,3,3,3,qld,sso,iau,1.8,0.1,-0.9,-0.031202579193391866,11.7377424597828,-0.08484993599081209
2019-09-02,3,3,3,qld,sso,iau,1.8,0.1,-0.9,0.017556616675333148,11.490391808780895,-0.10413498717273208
2019-10-01,3,3,3,qld,sso,iau,1.8,0.1,-0.9,0.059020507704557135,11.491970404492587,-0.10401190967537266
2019-11-01,3,3,3,qld,sso,iau,1.8,0.1,-0.9,0.06433360237143981,12.59347953625388,-0.018131157401931986
2019-12-02,3,3,3,qld,sso,iau,1.8,0.1,-0.9,0.06397632144623722,12.945974435188644,-0.02487685935271173
2020-01-01,3,3,3,qld,sso,iau,1.8,0.1,-0.9,0.029750779843652486,14.02191003381108,-0.008147219554050745
2020-02-03,3,3,3,qld,sso,iau,1.8,0.1,-0.9,-0.08381579558564123,14.720399652531391,-0.030405592630297906
2020-03-02,3,0,3,qqq,cash,iau,0.45,0.1,0.45000000000000007,-0.03169711640587747,13.533295799172706,-0.16607298166541185
2020-04-01,0,0,3,cash,cash,iau,0.0,0.1,0.9,0.008216828934161757,12.823536709655018,-0.20980861635785233
2020-05-01,3,0,3,qqq,cash,iau,0.45,0.1,0.45000000000000007,0.030291280303892387,12.774907031146537,-0.21280519630430017
2020-06-01,3,3,3,qld,sso,iau,1.8,0.1,-0.9,0.06924532972604203,13.429935558286228,-0.1724420804256764
2020-07-01,3,3,3,qld,sso,iau,1.8,0.1,-0.9,0.13014687537136305,14.462019043054386,-0.1088446895242158
2020-08-03,3,3,3,qld,sso,iau,1.8,0.1,-0.9,0.16517111772191684,16.371433210466794,0.0
2020-09-01,3,3,3,qld,sso,iau,1.8,0.1,-0.9,-0.09545460052306631,19.18182830427295,0.0
2020-10-01,3,3,3,qld,sso,iau,1.8,0.1,-0.9,-0.05507291635525369,17.299774328258632,-0.11583396058383887
2020-11-02,3,3,3,qld,sso,iau,1.8,0.1,-0.9,0.19570660743276624,16.20768197697791,-0.1716491955451006
2020-12-01,3,3,1,qld,sso,cash,1.8,0.0,-0.8,0.07900762446553533,19.592109755934874,0.0
2021-01-01,3,3,3,qld,sso,iau,1.8,0.1,-0.9,-0.011653650209045963,20.659834093140837,-3.370559819250349e-05
2021-02-01,3,3,1,qld,sso,cash,1.8,0.0,-0.8,0.019560559025188162,21.197154582305654,-0.03810404737791834
2021-03-01,3,3,0,qld,sso,cash,1.8,0.0,-0.8,0.0513374773005959,21.8591936094761,-0.04648323651724069
2021-04-01,3,3,0,qld,sso,cash,1.8,0.0,-0.8,0.10417171243322487,22.456130932859324,-0.020444318761935917
2021-05-03,3,3,0,qld,sso,cash,1.8,0.0,-0.8,-0.008101475453801132,24.09861943510841,-0.015340533231662382
2021-06-01,3,3,3,qld,sso,iau,1.8,0.1,-0.9,0.07655775678455612,23.877895291417122,-0.02435922902107056
2021-07-01,3,3,0,qld,sso,cash,1.8,0.0,-0.8,0.04819661332315328,25.94320077046323,0.0
2021-08-02,3,3,1,qld,sso,cash,1.8,0.0,-0.8,0.06787706200114307,26.997672474080183,-0.017763381639212816
2021-09-01,3,3,2,qld,sso,cash,1.8,0.0,-0.8,-0.09915838086532291,28.944551525483114,-0.0001146136601031899
2021-10-01,3,3,0,qld,sso,cash,1.8,0.0,-0.8,0.14371687455548998,26.47511314241352,-0.08991908088775898
2021-11-01,3,3,0,qld,sso,cash,1.8,0.0,-0.8,0.009843471345661436,29.910333859806016,0.0
2021-12-01,3,3,0,qld,sso,cash,1.8,0.0,-0.8,0.046993810963289695,29.27897661584686,-0.07574219973139847
2022-01-03,3,3,3,qld,sso,iau,1.8,0.1,-0.9,-0.12759782864308422,31.88184491253698,-0.00463706640567788
2022-02-01,1,2,2,cash,ivv_partial,cash,0.315,0.0,0.685,-0.009605816964965319,27.515586440010257,-0.140953263099059
2022-03-01,0,1,3,cash,cash,iau,0.0,0.1,0.9,0.001752221892308281,27.24379943235368,-0.1494385535204892
2022-04-01,1,3,3,cash,sso,iau,0.9,0.1,-2.7755575615628914e-17,-0.026821157198308576,27.27912899936738,-0.14833555143382057
2022-05-02,0,0,3,cash,cash,iau,0.0,0.1,0.9,-0.0017394176236943393,26.452762548029014,-0.17413501622278071
2022-06-01,0,0,0,cash,cash,cash,0.0,0.0,1.0,0.0012463731897032204,26.46166537484776,-0.17385706669244766
2022-07-01,0,0,0,cash,cash,cash,0.0,0.0,1.0,0.0017733163820039533,26.49521420231868,-0.1728096599497791
2022-08-01,0,0,0,cash,cash,cash,0.0,0.0,1.0,0.002403949654507853,26.543062217535578,-0.1713158273022767
2022-09-01,0,0,0,cash,cash,cash,0.0,0.0,1.0,0.0026087906041549758,26.60729269250059,-0.16931052823119974
2022-10-03,0,0,0,cash,cash,cash,0.0,0.0,1.0,0.0029541362179190678,26.67719244776924,-0.16712823214223124
2022-11-01,0,0,0,cash,cash,cash,0.0,0.0,1.0,0.0033000028623551003,26.756764864021502,-0.16464395201693352
2022-12-01,1,2,1,cash,ivv_partial,cash,0.315,0.0,0.685,-0.016305305007370374,26.837388030459454,-0.1621268670840667
2023-01-02,0,0,3,cash,cash,iau,0.0,0.1,0.9,0.00960905095289255,26.403091505083857,-0.17568576446699977
2023-02-01,2,3,3,qqq_partial,sso,iau,1.215,0.1,-0.31500000000000006,-0.0319718399302793,27.124230682158494,-0.15317153391378152
2023-03-01,2,2,3,qqq_partial,ivv_partial,iau,0.63,0.1,0.27,0.05123184235525491,25.72731035936653,-0.19678390058535292
2023-04-03,3,3,3,qld,sso,iau,1.8,0.1,-0.9,0.01335383386965261,27.172549528057125,-0.15166300175908676
2023-05-01,3,3,3,qld,sso,iau,1.8,0.1,-0.9,0.06839299837898505,27.42123682062132,-0.14389889294564137
2023-06-01,3,3,3,qld,sso,iau,1.8,0.1,-0.9,0.1086915171734304,29.964787324641073,-0.06448830995171784
2023-07-03,3,3,2,qld,sso,cash,1.8,0.0,-0.8,0.06106364594510194,32.67351836974413,0.0
2023-08-01,3,3,3,qld,sso,iau,1.8,0.1,-0.9,-0.037561640970504295,34.32757451049819,-0.007655870839757401
2023-09-01,3,3,2,qld,sso,cash,1.8,0.0,-0.8,-0.0908382681706914,33.28287341987746,-0.037856169252560565
2023-10-02,3,2,0,qld,ivv_partial,cash,1.215,0.0,-0.21500000000000008,-0.029378853507831093,30.46643665275682,-0.1192739370633473
2023-11-01,2,1,3,qqq_partial,cash,iau,0.315,0.1,0.5850000000000001,0.04110122055174403,29.507911123268887,-0.14698306581483153
2023-12-01,3,3,3,qld,sso,iau,1.8,0.1,-0.9,0.08865522147918492,30.83986461441576,-0.10847885320727128
2024-01-01,3,3,3,qld,sso,iau,1.8,0.1,-0.9,0.023042387352599336,33.25611961117482,-0.03862957038495416
2024-02-01,3,3,3,qld,sso,iau,1.8,0.1,-0.9,0.09106001701494515,34.81810370830218,-0.01735142042332635
2024-03-01,3,3,3,qld,sso,iau,1.8,0.1,-0.9,0.0424850158809611,38.00888796398487,0.0
2024-04-01,3,3,3,qld,sso,iau,1.8,0.1,-0.9,-0.07922584995172299,38.75285090924885,-0.000554514837312096
2024-05-01,3,3,3,qld,sso,iau,1.8,0.1,-0.9,0.10054832048567297,35.31907099294748,-0.08911253712131018
2024-06-03,3,3,3,qld,sso,iau,1.8,0.1,-0.9,0.0850500936215508,39.38862469845495,-0.018051256149873556
2024-07-01,3,3,3,qld,sso,iau,1.8,0.1,-0.9,-0.008973182660163115,42.887824321534,-0.009165213745254008
2024-08-01,3,3,3,qld,sso,iau,1.8,0.1,-0.9,0.024651433205935547,40.70642072432914,-0.111462878173405
2024-09-02,3,3,3,qld,sso,iau,1.8,0.1,-0.9,0.040938839208163325,43.20730281011179,-0.056873785568638084
2024-10-01,3,3,3,qld,sso,iau,1.8,0.1,-0.9,-0.01859632650992582,44.058823568363444,-0.038286845468048045
2024-11-01,3,3,3,qld,sso,iau,1.8,0.1,-0.9,0.09533753785752297,44.5633855480212,-0.04201321503432439
2024-12-02,3,3,3,qld,sso,iau,1.8,0.1,-0.9,-0.026245551911039278,48.87378646681265,0.0
2025-01-01,3,3,3,qld,sso,iau,1.8,0.1,-0.9,0.04301283464515748,47.07901945886764,-0.07723656457055172
2025-02-03,3,3,3,qld,sso,iau,1.8,0.1,-0.9,-0.040188200289827836,48.46503308907301,-0.050070266001445776
2025-03-03,3,3,3,qld,sso,iau,1.8,0.1,-0.9,-0.0705694403113114,45.53950010756248,-0.11571635435486594
2025-04-01,0,1,3,cash,cash,iau,0.0,0.1,0.9,0.008914112799002005,43.80340262630164,-0.14942780499219363
2025-05-01,0,0,3,cash,cash,iau,0.0,0.1,0.9,0.0030886313895766015,44.101017230092424,-0.14364874008775383
2025-06-02,3,3,3,qld,sso,iau,1.8,0.1,-0.9,0.10042677228151553,44.98234848784436,-0.12653509554213718
2025-07-01,3,3,3,qld,sso,iau,1.8,0.1,-0.9,0.03690338988944064,48.410289018833694,-0.05997152451833982
2025-08-01,3,3,3,qld,sso,iau,1.8,0.1,-0.9,0.025898452032079522,49.01284286899775,-0.04827116518057668
2025-09-01,3,3,3,qld,sso,iau,1.8,0.1,-0.9,0.08916959351625708,51.89406204959101,-0.016186198160013276
2025-10-01,3,3,3,qld,sso,iau,1.8,0.1,-0.9,0.06301199864581397,56.957398056103955,0.0
2025-11-03,3,3,3,qld,sso,iau,1.8,0.1,-0.9,-0.014172091012576216,60.454193554973756,-0.00966339506648782
2025-12-01,3,3,3,qld,sso,iau,1.8,0.1,-0.9,-0.00826929548932398,58.85558984085136,-0.035851086635616806
2026-01-01,3,3,3,qld,sso,iau,1.8,0.1,-0.9,0.03203375852962265,58.74167994550399,-0.03771711333108604
2026-02-02,3,3,3,qld,sso,iau,1.8,0.1,-0.9,-0.022352971629641116,60.99858685580356,-0.027583481429553795
2026-03-02,2,3,3,qqq_partial,sso,iau,1.215,0.1,-0.31500000000000006,-0.07879527493193683,59.40517730349396,-0.05298501693031232
