date,signal,similar_avg_fwd,dissimilar_avg_fwd,spread,spy_fwd_1m,n_similar,n_dissimilar,min_distance,closest_date,anti_signal,anti_ret,spread_ret
1985-01-01,1,0.009842131425927804,-0.003584193705974716,0.01342632513190252,0.05668513400588426,22,22,1.1772726512473408,1972-05-01,1,0.05668513400588426,0.01342632513190252
1985-02-01,1,0.0109906030127864,-0.011221163259859425,0.022211766272645823,-0.0077249858748073,22,22,1.0254598079054225,1972-06-01,1,-0.0077249858748073,0.022211766272645823
1985-03-01,1,0.011326630500036967,-0.011505818318627853,0.02283244881866482,0.007106890982974123,23,23,1.025428673102126,1972-08-01,1,0.007106890982974123,0.02283244881866482
1985-04-01,1,0.010819642038671907,-0.011505818318627853,0.022325460357299758,0.022380110684872223,23,23,0.7727490347822904,1972-08-01,1,0.022380110684872223,0.022325460357299758
1985-05-01,1,0.011093901279889217,-0.011505818318627853,0.02259971959851707,0.023692684013242093,23,23,1.3179387748411766,1972-08-01,1,0.023692684013242093,0.02259971959851707
1985-06-01,1,0.010018916520872983,-0.01693678355448918,0.026955700075362164,0.019219955049881943,23,23,1.6259995570814028,1972-08-01,1,0.019219955049881943,0.026955700075362164
1985-07-01,1,0.012424722738186535,-0.01693678355448918,0.029361506292675716,-0.022897828975395385,23,23,1.6387116352186342,1972-08-01,1,-0.022897828975395385,0.029361506292675716
1985-08-01,1,0.00690098142517838,-0.01453882336465861,0.02143980478983699,-0.022631864932689538,23,23,1.2333058848438898,1972-08-01,1,-0.022631864932689538,0.02143980478983699
1985-09-01,1,0.00904069688303745,-0.01453882336465861,0.023579520247696058,0.008941678773907391,23,23,0.9254614982680218,1972-08-01,1,0.008941678773907391,0.023579520247696058
1985-10-01,1,0.012357710335107144,-0.0015165366525785272,0.013874246987685671,0.05913452106153949,24,24,1.3179528952715296,1971-12-01,1,0.05913452106153949,0.013874246987685671
1985-11-01,1,0.00954358502206292,0.004569028832560533,0.004974556189502387,0.047341169463554156,24,24,2.0457732766804573,1980-10-01,-1,-0.047341169463554156,0.004974556189502387
1985-12-01,1,0.008731314370769516,0.0075181041193011595,0.0012132102514683567,0.00693750994336928,24,24,1.8700246506987934,1980-11-01,-1,-0.00693750994336928,0.0012132102514683567
1986-01-01,1,0.002921614190418383,0.009916727832974486,-0.006995113642556103,0.05219810234559508,24,24,1.5653040614112694,1972-11-01,-1,-0.05219810234559508,-0.006995113642556103
1986-02-01,1,0.0064306450902545985,-0.0023991910185805023,0.008829836108835101,0.059640575079872304,24,24,2.340900198776788,1972-11-01,1,0.059640575079872304,0.008829836108835101
1986-03-01,1,0.005606233920851171,-0.002392365256628226,0.007998599177479398,0.024670038517491166,24,24,3.016060479832219,1983-01-01,1,0.024670038517491166,0.007998599177479398
1986-04-01,1,0.00907137415599447,-0.005456186355062562,0.014527560511057032,0.000684125852674633,25,25,3.080747941360138,1983-01-01,1,0.000684125852674633,0.014527560511057032
1986-05-01,1,0.00990555675890874,-0.005456186355062562,0.015361743113971302,0.025115982971766426,25,25,2.306219748007852,1983-05-01,1,0.025115982971766426,0.015361743113971302
1986-06-01,1,0.007058808985325444,-0.005456186355062562,0.012514995340388007,-0.017732584197146628,25,25,2.2192678912373474,1983-05-01,1,-0.017732584197146628,0.012514995340388007
1986-07-01,1,0.009349658485368187,-0.005456186355062562,0.014805844840430748,0.01877910622755552,25,25,2.695778966838496,1982-12-01,1,0.01877910622755552,0.014805844840430748
1986-08-01,1,0.012533962986335143,-0.004088347013617813,0.016622309999952956,-0.027335201255473063,25,25,1.9146881505195301,1983-05-01,1,-0.027335201255473063,0.016622309999952956
1986-09-01,1,0.01221940016727508,-0.010180683475538426,0.022400083642813505,-0.0023560718579813678,25,25,2.416564509902317,1982-12-01,1,-0.0023560718579813678,0.022400083642813505
1986-10-01,1,0.014078744988248158,-0.007808644835090753,0.02188738982333891,0.03000784258122824,25,25,1.6064478976988628,1983-05-01,1,0.03000784258122824,0.02188738982333891
1986-11-01,1,0.015424813875154585,-0.011228225512784257,0.026653039387938844,0.009050166298508522,26,26,1.7235743661527627,1983-05-01,1,0.009050166298508522,0.026653039387938844
1986-12-01,1,0.0103588391703769,-0.006446268952328886,0.016805108122705786,0.06370878582127082,26,26,1.5790666669653397,1983-05-01,1,0.06370878582127082,0.016805108122705786
1987-01-01,1,0.013025074471883832,-0.0007642073993983345,0.013789281871282167,0.0599505166098,26,26,1.14212991649746,1983-07-01,1,0.0599505166098,0.013789281871282167
1987-02-01,1,0.014383111379691785,0.005822960604051041,0.008560150775640745,0.03868622614565753,26,26,1.3418659912879036,1983-07-01,-1,-0.03868622614565753,0.008560150775640745
1987-03-01,1,0.009551447558938088,-0.004126843354634471,0.013678290913572559,-0.015363370840780766,26,26,1.50243616436395,1983-03-01,1,-0.015363370840780766,0.013678290913572559
1987-04-01,1,0.013650676624549262,0.009493286521779195,0.004157390102770067,-0.005331249799739202,26,26,1.4254737435874931,1980-09-01,-1,0.005331249799739202,0.004157390102770067
1987-05-01,1,0.0162955785329403,0.005831068238158565,0.010464510294781737,0.04034054584471125,26,26,1.633961096863399,1980-09-01,-1,-0.04034054584471125,0.010464510294781737
1987-06-01,1,0.010351415935483544,0.005430478520260684,0.00492093741522286,0.02774702846516286,27,27,1.2704744773581955,1976-02-01,-1,-0.02774702846516286,0.00492093741522286
1987-07-01,1,0.008221232088243999,0.004546407007019298,0.003674825081224701,0.0568024065614956,27,27,2.1066160927331,1976-09-01,-1,-0.0568024065614956,0.003674825081224701
1987-08-01,1,0.009528165598993514,0.0072529384401110305,0.002275227158882484,-0.03122392386783679,27,27,1.9089246110404685,1983-07-01,-1,0.03122392386783679,0.002275227158882484
1987-09-01,1,0.003155936417152094,0.013830841268387694,-0.0106749048512356,-0.119392722494304,27,27,1.8356000506208376,1983-08-01,-1,0.119392722494304,-0.0106749048512356
1987-10-01,1,0.01748643180436195,0.012438609846678442,0.005047821957683506,-0.12676993155161453,27,27,3.2892516588950165,1980-09-01,-1,0.12676993155161453,0.005047821957683506
1987-11-01,1,0.0048293544820320255,0.017407599115024718,-0.012578244632992692,-0.016964220662186835,27,27,3.9413362975976294,1980-09-01,-1,0.016964220662186835,-0.012578244632992692
1987-12-01,1,0.0003785306332969902,0.01576862060076603,-0.015390089967469042,0.041986898746022794,28,28,4.0262288030180216,1974-02-01,-1,-0.041986898746022794,-0.015390089967469042
1988-01-01,1,0.003173702175999545,0.015628112520173425,-0.01245441034417388,0.03264685300114811,28,28,4.153840714379418,1974-02-01,-1,-0.03264685300114811,-0.01245441034417388
1988-02-01,1,0.00045652478251858745,0.01760080291737077,-0.01714427813485218,0.03268550929433722,28,28,3.4693561576871446,1978-07-01,-1,-0.03268550929433722,-0.01714427813485218
1988-03-01,1,0.0007591940892017558,0.01542926553993078,-0.014670071450729023,-0.009475486289044155,28,28,3.555621484605322,1978-07-01,-1,0.009475486289044155,-0.014670071450729023
1988-04-01,1,0.0002369399433087917,0.02041700684453599,-0.0201800669012272,-0.023353491766693546,28,28,3.439746509817608,1978-07-01,-1,0.023353491766693546,-0.0201800669012272
1988-05-01,-1,-0.0003355466051661117,0.01954223647219046,-0.019877783077356572,0.05334181145284367,28,28,3.3653642792904335,1978-07-01,-1,-0.05334181145284367,-0.019877783077356572
1988-06-01,1,0.008975488569055747,0.019205703869340614,-0.010230215300284867,-0.003971717299946276,28,28,3.0785705613828727,1978-07-01,-1,0.003971717299946276,-0.010230215300284867
1988-07-01,1,0.007733557807774692,0.016130054310071154,-0.008396496502296461,-0.01883384436255886,29,29,3.2296662216022116,1978-07-01,-1,0.01883384436255886,-0.008396496502296461
1988-08-01,1,0.00935610415260474,0.014077625176280202,-0.004721521023675462,0.014881618873324287,29,29,3.4310690680490654,1978-01-01,-1,-0.014881618873324287,-0.004721521023675462
1988-09-01,1,0.007783963648233389,0.01595005950107007,-0.008166095852836681,0.032270687658702,29,29,3.200703872395766,1978-01-01,-1,-0.032270687658702,-0.008166095852836681
1988-10-01,-1,-0.0003639504949534325,0.021503128218782027,-0.02186707871373546,-0.023589752200399272,29,29,2.603663715095152,1983-11-01,-1,0.023589752200399272,-0.02186707871373546
1988-11-01,1,0.001957566486790153,0.016621800919255924,-0.014664234432465771,0.017525816152878848,29,29,2.464873943928429,1983-11-01,-1,-0.017525816152878848,-0.014664234432465771
1988-12-01,-1,-0.0020545623489317275,0.01628643742409182,-0.018340999773023548,0.03253492663667523,29,29,1.6481891693184825,1983-09-01,-1,-0.03253492663667523,-0.018340999773023548
1989-01-01,-1,-0.0004956410071644823,0.019760366008196025,-0.020256007015360507,0.029139586475726675,29,29,1.6663520223913932,1983-09-01,-1,-0.029139586475726675,-0.020256007015360507
1989-02-01,1,0.0007035156405451973,0.016998775643012647,-0.01629526000246745,-0.00288968546226398,30,30,1.545832873582583,1979-04-01,-1,0.00288968546226398,-0.01629526000246745
1989-03-01,1,0.0021301726136460715,0.024646554578602074,-0.022516381964956002,0.02895237955015051,30,30,0.8866615497133405,1979-02-01,-1,-0.02895237955015051,-0.022516381964956002
1989-04-01,-1,-0.00012198024670074803,0.021303829121873365,-0.021425809368574113,0.035014458190490316,30,30,1.460642798109526,1979-04-01,-1,-0.035014458190490316,-0.021425809368574113
1989-05-01,1,0.0001487985190216608,0.015877106666749508,-0.015728308147727847,0.031176086332891373,30,30,1.612864945583812,1983-08-01,-1,-0.031176086332891373,-0.015728308147727847
1989-06-01,1,0.0005082026827137506,0.018087343794362075,-0.017579141111648326,0.024026604115191308,30,30,1.3014155887673042,1972-12-01,-1,-0.024026604115191308,-0.017579141111648326
1989-07-01,1,0.001657183833320582,0.0201531600680462,-0.018495976234725618,0.04230626765784251,30,30,1.2950074080623142,1983-08-01,-1,-0.04230626765784251,-0.018495976234725618
1989-08-01,1,0.0009700564235956071,0.01696034605195981,-0.015990289628364202,0.0002951858021909004,31,31,0.9800822853862228,1983-08-01,-1,-0.0002951858021909004,-0.015990289628364202
1989-09-01,1,0.0028944247705367716,0.015267963443090442,-0.01237353867255367,-0.0026061818990438246,31,31,1.4132269721740747,1983-08-01,-1,0.0026061818990438246,-0.01237353867255367
1989-10-01,1,0.007381520275467328,0.015843969563347833,-0.008462449287880505,-0.020971082400783825,31,31,1.7875726225192594,1980-11-01,-1,0.020971082400783825,-0.008462449287880505
1989-11-01,1,0.012942088108517474,0.00946285590155303,0.0034792322069644444,0.022104542327253895,31,31,1.358147195648411,1986-01-01,-1,-0.022104542327253895,0.0034792322069644444
1989-12-01,1,0.011271201540883815,0.0019245064781262353,0.009346695062757579,-0.026669693282537876,31,31,1.430543416939833,1972-11-01,-1,0.026669693282537876,0.009346695062757579
1990-01-01,1,0.017934781142792285,-0.0002536352337770079,0.018188416376569292,-0.02633186258246034,31,31,1.778431617192067,1971-12-01,1,-0.02633186258246034,0.018188416376569292
1990-02-01,1,0.017860039918748072,0.0017141536419402496,0.01614588627680782,0.020369971882314042,31,31,1.340589835105375,1972-04-01,-1,-0.020369971882314042,0.01614588627680782
1990-03-01,1,0.015404269419280952,-0.0007999568132681101,0.016204226232549062,-0.0034923882525211836,32,32,0.9724990659819087,1971-12-01,1,-0.0034923882525211836,0.016204226232549062
1990-04-01,1,0.016362014928086897,0.0019921300964008334,0.014369884831686063,0.03089099258435568,32,32,0.8909730209831728,1971-12-01,-1,-0.03089099258435568,0.014369884831686063
1990-05-01,1,0.015089019010358862,0.003210817437042355,0.011878201573316507,0.027854957694851024,32,32,0.9190733535614637,1972-10-01,-1,-0.027854957694851024,0.011878201573316507
1990-06-01,1,0.01373790148873721,0.0065445978208337925,0.007193303667903418,-0.00012168160903147651,32,32,1.1520046985066779,1972-10-01,-1,0.00012168160903147651,0.007193303667903418
1990-07-01,1,0.013485442612660038,0.007065873521948051,0.0064195690907119865,-0.07733268154717732,32,32,1.4709752072804956,1985-10-01,-1,0.07733268154717732,0.0064195690907119865
1990-08-01,1,0.005659539844272667,0.013333751894726867,-0.0076742120504541995,-0.0453200182985265,32,32,2.104375201213505,1974-07-01,-1,0.0453200182985265,-0.0076742120504541995
1990-09-01,1,0.00700648746954843,0.012751767117156532,-0.0057452796476081015,-0.029860116868520525,32,32,1.2728361406984232,1974-07-01,-1,0.029860116868520525,-0.0057452796476081015
1990-10-01,-1,-0.0031324715139015697,-0.004445111899169565,0.0013126403852679954,0.0247817431584616,33,33,1.8479041829053386,1974-07-01,1,0.0247817431584616,0.0013126403852679954
1990-11-01,-1,-0.005397832126896979,-0.0063439519654638595,0.0009461198385668805,0.04269838300836559,33,33,2.3168043738243917,1970-03-01,1,0.04269838300836559,0.0009461198385668805
1990-12-01,1,0.0003341682573522422,-0.005311188776395339,0.005645357033747581,-0.009030119706164186,33,33,2.1017769941509195,1970-03-01,1,-0.009030119706164186,0.005645357033747581
1991-01-01,1,0.004235503823676885,-0.006415873952712928,0.010651377776389814,0.11127769458062109,33,33,2.1002225906320446,1984-03-01,1,0.11127769458062109,0.010651377776389814
1991-02-01,1,0.009312060314805757,-0.008818445596400612,0.01813050591120637,0.029419784834663565,33,33,1.9870683104763847,1984-12-01,1,0.029419784834663565,0.01813050591120637
1991-03-01,1,0.012877882433924225,-0.011571024578836752,0.02444890701276098,0.020373318200465063,33,33,1.9088716641993433,1984-12-01,1,0.020373318200465063,0.02444890701276098
1991-04-01,1,0.012919422963986923,-0.015324135866256763,0.028243558830243688,-0.0037535391484264657,34,34,2.1880516315828933,1972-07-01,1,-0.0037535391484264657,0.028243558830243688
1991-05-01,1,0.005871903692184031,-0.010857002205032237,0.01672890589721627,0.0018469982740205726,34,34,2.1661721189354286,1972-07-01,1,0.0018469982740205726,0.01672890589721627
1991-06-01,1,0.011033871399610784,-0.005179531471629619,0.016213402871240404,0.004713948377443211,34,34,2.1873823210466656,1972-07-01,1,0.004713948377443211,0.016213402871240404
1991-07-01,1,0.005204988397854539,-0.008808403677230747,0.014013392075085285,0.024197012314724153,34,34,2.005371574170985,1972-07-01,1,0.024197012314724153,0.014013392075085285
1991-08-01,1,0.011432066667544385,-0.013404002563266933,0.024836069230811317,-0.0036693322023660935,34,34,2.029621779560171,1985-03-01,1,-0.0036693322023660935,0.024836069230811317
1991-09-01,1,0.01545811194832789,-0.016919339858234773,0.032377451806562665,0.0025877787670067764,34,34,2.5834678070158312,1986-11-01,1,0.0025877787670067764,0.032377451806562665
1991-10-01,1,0.014484172525564162,-0.01418031862815087,0.028664491153715034,0.0007084163175523628,34,34,2.160541391993331,1985-06-01,1,0.0007084163175523628,0.028664491153715034
1991-11-01,1,0.022151903680327933,-0.009717695093860163,0.031869598774188095,0.004752736481431485,35,35,1.7643045469593552,1983-02-01,1,0.004752736481431485,0.031869598774188095
1991-12-01,1,0.017129465608381647,-0.012822853019888296,0.02995231862826994,0.07035576587288683,35,35,1.4234183698672904,1981-03-01,1,0.07035576587288683,0.02995231862826994
1992-01-01,1,0.021647708486425277,-0.011856668509751898,0.03350437699617717,-0.005325915094451794,35,35,1.447550301028806,1981-03-01,1,-0.005325915094451794,0.03350437699617717
1992-02-01,1,0.014526634424538352,-0.009352442840320878,0.02387907726485923,-0.012742008523002779,35,35,0.7325339875530078,1981-03-01,1,-0.012742008523002779,0.02387907726485923
1992-03-01,1,0.014629252915765369,-0.001369651396633777,0.015998904312399146,-0.002943579230929916,35,35,0.9414830455194726,1985-09-01,1,-0.002943579230929916,0.015998904312399146
1992-04-01,1,0.0135944977881738,-0.002454343803484644,0.016048841591658442,0.018074274872701634,35,35,0.8753739476871246,1985-09-01,1,0.018074274872701634,0.016048841591658442
1992-05-01,1,0.015115432922812845,-0.0018960165941797693,0.017011449516992613,-0.017194626099593435,35,35,0.7537355824904405,1985-10-01,1,-0.017194626099593435,0.017011449516992613
1992-06-01,1,0.010741883265333964,-0.004342888104946297,0.015084771370280262,0.015546221131175209,36,36,0.7812241510435722,1985-10-01,1,0.015546221131175209,0.015084771370280262
1992-07-01,1,0.014241172286799296,-0.00345809932536717,0.017699271612166466,0.008337434412241551,36,36,0.6081023406835682,1985-10-01,1,0.008337434412241551,0.017699271612166466
1992-08-01,1,0.016267895943547477,0.00010703334157546564,0.016160862601972012,0.0002545638246371773,36,36,0.7196077757871606,1985-10-01,-1,-0.0002545638246371773,0.016160862601972012
1992-09-01,1,0.016811240726130064,-0.00424746430646737,0.021058705032597436,-0.013727590372389131,36,36,0.7117555903814948,1985-09-01,1,-0.013727590372389131,0.021058705032597436
1992-10-01,1,0.01690429160280321,-0.010146126977048133,0.02705041857985134,0.025853516168958368,36,36,0.6005708120858121,1972-01-01,1,0.025853516168958368,0.02705041857985134
1992-11-01,1,0.009803355969495331,-0.010910804594358663,0.020714160563853994,0.0284988418401666,36,36,0.5634264771949407,1972-08-01,1,0.0284988418401666,0.020714160563853994
1992-12-01,1,0.00802193444137056,-0.00413184293027836,0.01215377737164892,0.0008226770442323339,37,37,0.513336266636735,1985-04-01,1,0.0008226770442323339,0.01215377737164892
1993-01-01,1,0.009003263036185039,0.0007368591968999164,0.008266403839285123,0.01560663954190411,37,37,0.6521172060095607,1976-07-01,-1,-0.01560663954190411,0.008266403839285123
1993-02-01,1,0.008978894038598384,0.002854089809330314,0.006124804229268071,0.019336499733044965,37,37,0.7753078680451234,1976-04-01,-1,-0.019336499733044965,0.006124804229268071
1993-03-01,1,0.008239647779589167,-0.0017236014867794496,0.009963249266368617,-0.013688327438922676,37,37,0.9342819709275137,1985-05-01,1,-0.013688327438922676,0.009963249266368617
1993-04-01,1,0.006366705304610611,-0.004102030857395097,0.010468736162005709,0.00529194188890747,37,37,1.1366714632653947,1985-05-01,1,0.00529194188890747,0.010468736162005709
1993-05-01,1,0.006343976759805899,-0.00961143456575506,0.01595541132556096,0.004666872715048731,37,37,1.5800326262256714,1985-03-01,1,0.004666872715048731,0.01595541132556096
1993-06-01,1,0.011901512037831258,-0.013698129269546125,0.025599641307377383,0.002778536996704384,37,37,1.4597595201541436,1985-03-01,1,0.002778536996704384,0.025599641307377383
1993-07-01,1,0.011113468569095803,-0.015411940070063255,0.02652540863915906,0.016457988048036,38,38,1.6204400558315322,1981-02-01,1,0.016457988048036,0.02652540863915906
1993-08-01,1,0.010719898987903875,-0.011559982227504557,0.022279881215408432,0.011630181394916228,38,38,1.4263102801987928,1981-02-01,1,0.011630181394916228,0.022279881215408432
1993-09-01,1,0.009091086823177497,-0.009188942177966467,0.018280029001143963,0.010470287300943237,38,38,1.463794043122561,1981-02-01,1,0.010470287300943237,0.018280029001143963
1993-10-01,1,0.010034129271025077,-0.0029783741897193893,0.013012503460744465,-0.006214097783424188,38,38,1.7378995328851286,1981-02-01,1,-0.006214097783424188,0.013012503460744465
1993-11-01,1,0.014430634613962148,-0.0026423866556189828,0.01707302126958113,0.0070258932594511325,38,38,1.539089697818846,1981-02-01,1,0.0070258932594511325,0.01707302126958113
1993-12-01,1,0.014835189377180176,-0.0027887954757115714,0.01762398485289175,0.016990238958048964,38,38,1.6629071723812765,1990-03-01,1,0.016990238958048964,0.01762398485289175
1994-01-01,1,0.013686639291383558,-0.004239674421043893,0.01792631371242745,-0.0005358959768504423,38,38,1.8726506282977742,1981-02-01,1,-0.0005358959768504423,0.01792631371242745
1994-02-01,1,0.014090292013568501,-0.0013544203902171792,0.015444712403785681,-0.017721802963617472,39,39,1.5452939746485705,1990-03-01,1,-0.017721802963617472,0.015444712403785681
1994-03-01,1,0.01454684064033378,0.0023345231364433738,0.012212317503890405,-0.03634598457709037,39,39,1.1953168049170535,1990-04-01,-1,0.03634598457709037,0.012212317503890405
1994-04-01,1,0.0086704705520821,0.007674023416561575,0.0009964471355205255,0.006423102155137528,39,39,0.9577591785574535,1984-08-01,-1,-0.006423102155137528,0.0009964471355205255
1994-05-01,1,0.006070170797837181,0.009256957455686193,-0.0031867866578490127,0.006601009937526214,39,39,0.8158600720425501,1978-08-01,-1,-0.006601009937526214,-0.0031867866578490127
1994-06-01,1,0.004780968365879678,0.009618386995425502,-0.004837418629545824,-0.007631381559430661,39,39,0.8903270396999193,1978-10-01,-1,0.007631381559430661,-0.004837418629545824
1994-07-01,1,0.006119929788008221,0.013839692317207022,-0.007719762529198801,0.02724232198314236,39,39,1.0320126339232454,1978-06-01,-1,-0.02724232198314236,-0.007719762529198801
1994-08-01,1,0.006689225317183187,0.009252332670579658,-0.002563107353396471,0.0059388239228019835,40,40,1.0877812678578715,1978-08-01,-1,-0.0059388239228019835,-0.002563107353396471
1994-09-01,1,0.005369058893265,0.011375416670866742,-0.006006357777601742,-0.009266253378464429,40,40,1.6624295423643454,1978-08-01,-1,0.009266253378464429,-0.006006357777601742
1994-10-01,1,0.006284283231880239,0.011764362887955068,-0.005480079656074829,-0.010729012607984534,40,40,2.071271163780006,1970-03-01,-1,0.010729012607984534,-0.005480079656074829
1994-11-01,1,0.004692597672409748,0.019776597879504705,-0.015084000207094956,-0.01515800520651489,40,40,2.0553543712408033,1970-03-01,-1,0.01515800520651489,-0.015084000207094956
1994-12-01,1,0.004244715090216233,0.021492853199949865,-0.01724813810973363,0.019750011066308915,40,40,1.9970166718419604,1970-03-01,-1,-0.019750011066308915,-0.01724813810973363
1995-01-01,1,0.004483443509955226,0.018401541730314573,-0.013918098220359347,0.0327331623034397,40,40,1.9028347022632326,1970-03-01,-1,-0.0327331623034397,-0.013918098220359347
1995-02-01,1,0.011007514323632584,0.016993904860368666,-0.005986390536736082,0.018887059786207194,40,40,1.2468122450149788,1979-04-01,-1,-0.018887059786207194,-0.005986390536736082
1995-03-01,1,0.009263246232942491,0.014512007258539322,-0.005248761025596831,0.028354393778602605,41,41,0.8020100632815165,1979-04-01,-1,-0.028354393778602605,-0.005248761025596831
1995-04-01,1,0.005293146752811581,0.014584577842385435,-0.009291431089573855,0.027082371082989276,41,41,1.0462799305470143,1989-03-01,-1,-0.027082371082989276,-0.009291431089573855
1995-05-01,1,0.0023833185078114528,0.0132321439862216,-0.010848825478410146,0.02738017344491195,41,41,0.9442775755538084,1989-05-01,-1,-0.02738017344491195,-0.010848825478410146
1995-06-01,1,0.0014495369743723152,0.008993209779556184,-0.007543672805183869,0.029893068141114254,41,41,1.0995627527489136,1989-05-01,-1,-0.029893068141114254,-0.007543672805183869
1995-07-01,1,0.005248104501888791,0.009744353733934626,-0.004496249232045835,0.006271883437791281,41,41,1.516468059628068,1983-08-01,-1,-0.006271883437791281,-0.004496249232045835
1995-08-01,1,0.005828728413698119,0.010149574201970154,-0.004320845788272035,0.03452939895624296,41,41,1.0263500947179283,1989-05-01,-1,-0.03452939895624296,-0.004320845788272035
1995-09-01,1,0.004728698609825951,0.012182243712203005,-0.0074535451023770545,0.004409916652054813,41,41,0.9270215047153247,1989-08-01,-1,-0.004409916652054813,-0.0074535451023770545
1995-10-01,1,0.0069153136969404465,0.011106895809004187,-0.00419158211206374,0.018606740583189785,42,42,1.0487713006684245,1989-08-01,-1,-0.018606740583189785,-0.00419158211206374
1995-11-01,1,0.009378975565077705,0.00794251433580922,0.0014364612292684844,0.0324926724634067,42,42,0.9162490242940452,1983-08-01,-1,-0.0324926724634067,0.0014364612292684844
1995-12-01,1,0.009200516432703412,0.0047725694195125635,0.004427947013190848,0.0040465943473941834,42,42,1.2548793918717616,1983-08-01,-1,-0.0040465943473941834,0.004427947013190848
1996-01-01,1,0.009461884099972144,0.0026888998296682085,0.006772984270303935,0.05234954291226468,42,42,1.5137127865434419,1983-08-01,-1,-0.05234954291226468,0.006772984270303935
1996-02-01,1,0.009444754692371968,0.0019278021455194955,0.007516952546852473,0.0007977287028733127,42,42,1.1957953862208999,1983-07-01,-1,-0.0007977287028733127,0.007516952546852473
1996-03-01,1,0.010104257363859412,0.005365861283139766,0.004738396080719645,0.0022203272944159025,42,42,1.3410386434983208,1983-07-01,-1,-0.0022203272944159025,0.004738396080719645
1996-04-01,1,0.010117864300965052,-0.0020673826555460658,0.012185246956511117,0.021119606480243913,43,43,1.6629346226380428,1983-07-01,1,0.021119606480243913,0.012185246956511117
1996-05-01,1,0.010848973608430828,-3.1991251052868366e-06,0.010852172733536114,0.00979046292122554,43,43,1.485719486705184,1983-07-01,1,0.00979046292122554,0.010852172733536114
1996-06-01,1,0.006615714463349203,-0.013613331674744713,0.020229046138093915,-0.03571770774504601,43,43,1.9943806548088596,1987-03-01,1,-0.03571770774504601,0.020229046138093915
1996-07-01,1,0.009027568298054131,-0.015130769265496995,0.024158337563551124,0.026251909142079866,43,43,2.1401845148969625,1993-05-01,1,0.026251909142079866,0.024158337563551124
1996-08-01,1,0.012015543816875604,-0.01549609546517577,0.027511639282051373,0.017977969654166648,43,43,2.1525304939848735,1993-05-01,1,0.017977969654166648,0.027511639282051373
1996-09-01,1,0.006591726166113513,-0.013899859999657076,0.02049158616577059,0.034835298560698336,43,43,2.3530673695677686,1989-12-01,1,0.034835298560698336,0.02049158616577059
1996-10-01,1,0.006005790958721147,-0.004457105740380932,0.01046289669910208,0.040734228776478254,43,43,2.326813989833445,1987-03-01,1,0.040734228776478254,0.01046289669910208
1996-11-01,1,0.009287170911083513,-0.00613503690715768,0.015422207818241194,0.007352480884354806,44,44,2.12392929050036,1987-03-01,1,0.007352480884354806,0.015422207818241194
1996-12-01,1,0.008981602279832157,-0.004881553196292982,0.01386315547612514,0.03057298004235509,44,44,1.917892003824336,1987-04-01,1,0.03057298004235509,0.01386315547612514
1997-01-01,1,0.0036247298120689205,-0.0014609891808040948,0.005085718992873015,0.03712184711001254,44,44,1.693286975320022,1987-03-01,1,0.03712184711001254,0.005085718992873015
1997-02-01,1,0.005949527628648878,0.0019080343557044612,0.004041493272944417,-0.004419439260272995,44,44,1.1341562129132652,1987-03-01,-1,0.004419439260272995,0.004041493272944417
1997-03-01,1,0.013688106066604639,0.0020316640040507383,0.0116564420625539,-0.03770933103484864,44,44,1.089795916031821,1987-02-01,-1,0.03770933103484864,0.0116564420625539
1997-04-01,1,0.01220216651838682,-0.0005291171045507147,0.012731283622937534,0.08070263618253515,44,44,1.1687255085352979,1985-02-01,1,0.08070263618253515,0.012731283622937534
1997-05-01,1,0.013182329597226393,0.00281023740058496,0.010372092196641433,0.05469701340419353,44,44,1.025373750361221,1987-02-01,-1,-0.05469701340419353,0.010372092196641433
1997-06-01,1,0.015261980204616865,0.00392533474401,0.011336645460606865,0.05221720128791607,45,45,0.8198475160787101,1987-02-01,-1,-0.05221720128791607,0.011336645460606865
1997-07-01,1,0.013679789374358877,0.004141250545950463,0.009538538828408414,0.00124340269051193,45,45,0.8677097643990708,1987-01-01,-1,-0.00124340269051193,0.009538538828408414
1997-08-01,1,0.014174937938474278,0.0033383158102798694,0.010836622128194409,0.017049447234537052,45,45,1.1722493920093675,1987-02-01,-1,-0.017049447234537052,0.010836622128194409
1997-09-01,1,0.011292967203049353,0.004149602137425649,0.007143365065623704,0.01940716236539597,45,45,1.230841208514292,1986-08-01,-1,-0.01940716236539597,0.007143365065623704
1997-10-01,1,0.009467141295329709,0.003224444308598182,0.006242696986731527,-0.014348658174635265,45,45,1.8749486908415431,1986-01-01,-1,0.014348658174635265,0.006242696986731527
1997-11-01,1,0.008274473256648318,0.006903417840014058,0.0013710554166342604,0.02554982459992461,45,45,1.7544179302852883,1985-12-01,-1,-0.02554982459992461,0.0013710554166342604
1997-12-01,1,0.01310586333494849,0.005150050589101427,0.007955812745847063,-0.0010410886870295677,46,46,2.1516489562015373,1986-01-01,-1,0.0010410886870295677,0.007955812745847063
1998-01-01,1,0.012424776133832255,0.0032926974412645312,0.009132078692567724,0.05558673597131669,46,46,2.225239064814375,1994-01-01,-1,-0.05558673597131669,0.009132078692567724
1998-02-01,1,0.011320642086712221,0.004600993176851461,0.0067196489098607605,0.05363528100002202,46,46,2.049334228256127,1994-01-01,-1,-0.05363528100002202,0.0067196489098607605
1998-03-01,1,0.011312485313197711,0.0046215846155410354,0.006690900697656676,0.030952595351383616,46,46,2.020127990345289,1994-01-01,-1,-0.030952595351383616,0.006690900697656676
1998-04-01,1,0.010065344237217147,0.0029533044827087544,0.007112039754508393,-0.006209288935534629,46,46,1.787335466365245,1993-10-01,-1,0.006209288935534629,0.007112039754508393
1998-05-01,1,0.012439658849152152,0.0015364693878357747,0.010903189461316378,-0.008192031454700821,46,46,1.81539245983569,1993-10-01,-1,0.008192031454700821,0.010903189461316378
1998-06-01,1,0.010583206990905562,0.0042523290122208415,0.0063308779786847205,0.029193389479079457,46,46,1.6155917318510378,1993-10-01,-1,-0.029193389479079457,0.0063308779786847205
1998-07-01,1,0.010655379153658804,0.0035786275150239536,0.007076751638634851,-0.08053923346382974,47,47,1.6693957207761483,1994-01-01,-1,0.08053923346382974,0.007076751638634851
1998-08-01,1,0.00862885564124229,0.007528073741703361,0.001100781899538929,-0.06046602571618098,47,47,2.549454065304178,1994-01-01,-1,0.06046602571618098,0.001100781899538929
1998-09-01,1,0.007929774499168572,0.0077229392697602175,0.00020683522940835412,0.009728074008394483,47,47,2.70512976118675,1994-01-01,-1,-0.009728074008394483,0.00020683522940835412
1998-10-01,1,0.009501594863885264,0.002348559237060457,0.007153035626824808,0.10316993244050288,47,47,1.8752640351729026,1994-01-01,-1,-0.10316993244050288,0.007153035626824808
1998-11-01,1,0.011846010186248706,0.0011911130810115084,0.010654897105237197,0.020747862211588863,47,47,1.5491186045733367,1994-01-01,-1,-0.020747862211588863,0.010654897105237197
1998-12-01,1,0.010141516174676755,-0.00010475347629389438,0.01024626965097065,0.0337989963950589,47,47,1.5671283135606036,1994-01-01,1,0.0337989963950589,0.01024626965097065
1999-01-01,1,0.011085676318877214,0.0022845348656149967,0.008801141453262218,-0.01130291207406553,47,47,1.744406037790431,1985-12-01,-1,0.01130291207406553,0.008801141453262218
1999-02-01,1,0.010576513005843897,0.0051753806776574235,0.005401132328186474,0.025460666798971632,48,48,1.8768403546127859,1990-04-01,-1,-0.025460666798971632,0.005401132328186474
1999-03-01,1,0.010174860303910335,0.006802763510574968,0.0033720967933353677,0.03985643000611527,48,48,1.4142864011175234,1985-11-01,-1,-0.03985643000611527,0.0033720967933353677
1999-04-01,1,0.006993327429076247,0.005791953294443136,0.001201374134633111,0.012525805549773672,48,48,1.6391758660000977,1985-10-01,-1,-0.012525805549773672,0.001201374134633111
1999-05-01,1,0.00854617845789305,0.008907824815066528,-0.0003616463571734785,-0.00957716629690264,48,48,1.6206246358541818,1985-10-01,-1,0.00957716629690264,-0.0003616463571734785
1999-06-01,1,0.00939833027765554,0.0032955367785523168,0.0061027934991032245,0.03066260674263277,48,48,1.2607471697253414,1980-10-01,-1,-0.03066260674263277,0.0061027934991032245
1999-07-01,1,0.009881423184076478,0.0012818751247853134,0.008599548059291164,-0.0428562757667581,48,48,1.0903014259528623,1980-10-01,-1,0.0428562757667581,0.008599548059291164
1999-08-01,1,0.003310382765816377,-0.0009156653292694142,0.004226048095085791,-0.021181256768226575,49,49,2.221905253584977,1971-06-01,1,-0.021181256768226575,0.004226048095085791
1999-09-01,-1,-0.0008689914965785406,-0.0009429315391665873,7.394004258804668e-05,-0.014522091619746491,49,49,2.070998534427676,1971-07-01,1,-0.014522091619746491,7.394004258804668e-05
1999-10-01,1,0.00524905235357644,0.0018534848171564077,0.003395567536420033,0.058724719648491464,49,49,1.7356692892905756,1980-10-01,-1,-0.058724719648491464,0.003395567536420033
1999-11-01,1,0.008546552356395056,0.007318059869303029,0.0012284924870920276,0.0062291913817311695,49,49,1.741801393553192,1980-10-01,-1,-0.0062291913817311695,0.0012284924870920276
1999-12-01,1,0.005352273556552119,0.010438457880000682,-0.005086184323448563,-0.005264819320002334,49,49,1.696038378087331,1980-08-01,-1,0.005264819320002334,-0.005086184323448563
2000-01-01,1,0.005161132415543372,0.01358416921207261,-0.008423036796529237,-0.0468003223362955,49,49,1.8307251529020534,1980-08-01,-1,0.0468003223362955,-0.008423036796529237
2000-02-01,1,0.005593120918183241,0.015666320719934297,-0.010073199801751056,0.0283828464349849,49,49,1.864373011090312,1974-06-01,-1,-0.0283828464349849,-0.010073199801751056
2000-03-01,1,0.0018514938620022203,0.01597729438380935,-0.014125800521807128,0.038840120549104684,50,50,1.4465500852522715,1980-01-01,-1,-0.038840120549104684,-0.014125800521807128
2000-04-01,1,0.0036349579271148947,0.013544964060931057,-0.009910006133816162,-0.010619794155379947,50,50,1.3387630766523295,1978-06-01,-1,0.010619794155379947,-0.009910006133816162
2000-05-01,1,0.0015750020405287523,0.011983562462993511,-0.010408560422464758,0.015681499654316644,50,50,1.7827628196482295,1978-06-01,-1,-0.015681499654316644,-0.010408560422464758
2000-06-01,1,0.0033166823646782074,0.014085514634166144,-0.010768832269487936,0.005399837125069418,50,50,1.9758083292897344,1980-01-01,-1,-0.005399837125069418,-0.010768832269487936
2000-07-01,1,0.0034687568656945446,0.010209798290381251,-0.0067410414246867065,0.019932141755548027,50,50,1.850583126116909,1978-04-01,-1,-0.019932141755548027,-0.0067410414246867065
2000-08-01,1,0.006958086549231899,0.01007888881102285,-0.0031208022617909515,0.002125419937563766,50,50,1.9611556818234486,1972-12-01,-1,-0.002125419937563766,-0.0031208022617909515
2000-09-01,1,0.005497064745406537,0.011211751450504483,-0.005714686705097946,-0.03149677763852832,50,50,1.949856523579411,1972-12-01,-1,0.03149677763852832,-0.005714686705097946
2000-10-01,1,0.00532409091063788,0.012941449653256765,-0.007617358742618885,-0.0012462095565640707,51,51,1.731081459593281,1981-01-01,-1,0.0012462095565640707,-0.007617358742618885
2000-11-01,-1,-0.0011232575712136152,0.0119993054568164,-0.013122563028030016,-0.0008774541662730506,51,51,1.9772331218166905,1978-05-01,-1,0.0008774541662730506,-0.013122563028030016
2000-12-01,1,0.003417121984256133,0.007911677626582509,-0.004494555642326375,0.008376395459401165,51,51,1.6864595483753904,1978-05-01,-1,-0.008376395459401165,-0.004494555642326375
2001-01-01,1,0.007996627625197202,0.006902183054054575,0.001094444571142627,-0.0038714532245192057,51,51,1.7564001725663456,1993-02-01,-1,0.0038714532245192057,0.001094444571142627
2001-02-01,1,0.01253779399778871,0.005012889193161765,0.007524904804626945,-0.06882011967090507,51,51,1.1567747862125184,1990-04-01,-1,0.06882011967090507,0.007524904804626945
2001-03-01,1,0.007045054957727765,0.0029341523883974225,0.004110902569330343,0.005581046663788447,51,51,1.693151756715658,1990-04-01,-1,-0.005581046663788447,0.004110902569330343
2001-04-01,1,0.006924714554129314,0.001772590646128212,0.005152123908001102,0.062209158749483295,52,52,1.8703334953993254,1981-11-01,-1,-0.062209158749483295,0.005152123908001102
2001-05-01,1,0.010316554162101735,-0.005750727328443108,0.016067281490544844,-0.021251816312542804,52,52,1.0427233962630642,1992-09-01,1,-0.021251816312542804,0.016067281490544844
2001-06-01,1,0.012489365518902543,-0.0013587666433910268,0.01384813216229357,-0.02682685092466197,52,52,1.645441606999247,1992-10-01,1,-0.02682685092466197,0.01384813216229357
2001-07-01,1,0.012159650907392976,-0.0007775796845419919,0.012937230591934967,-0.015346046758879184,52,52,1.5232742812819025,1982-05-01,1,-0.015346046758879184,0.012937230591934967
2001-08-01,1,0.01514773013948409,-0.0010165138142062184,0.01616424395369031,-0.0880350517909253,52,52,1.7588881699438919,1982-08-01,1,-0.0880350517909253,0.01616424395369031
2001-09-01,1,0.017647508273951003,-0.002308166747983812,0.019955675021934814,0.00859449382384092,52,52,2.147488586957129,1982-08-01,1,0.00859449382384092,0.019955675021934814
2001-10-01,1,0.0208093318511293,-0.0002560169626934612,0.02106534881382276,0.03499868518163396,52,52,2.0232520930884172,1982-08-01,1,0.03499868518163396,0.02106534881382276
2001-11-01,1,0.018485148826454672,-0.0025847845854276743,0.021069933411882347,0.012993967731866007,53,53,2.5655110764420384,1981-12-01,1,0.012993967731866007,0.021069933411882347
2001-12-01,1,0.019099730568191208,-6.936534926220872e-05,0.019169095917453416,-0.0019321912590474222,53,53,1.807407817959943,1981-12-01,1,-0.0019321912590474222,0.019169095917453416
2002-01-01,1,0.01940231004014285,-0.0032326019635857935,0.022634912003728642,-0.02099535879646297,53,53,1.740669172737636,1982-01-01,1,-0.02099535879646297,0.022634912003728642
2002-02-01,1,0.01906306695281394,-0.0037561896082701713,0.02281925656108411,0.054587876916335265,53,53,1.6140495129081616,1981-12-01,1,0.054587876916335265,0.02281925656108411
2002-03-01,1,0.011473840288885965,-0.008207958061717362,0.019681798350603324,-0.02188940673136952,53,53,1.2180676846162661,1981-12-01,1,-0.02188940673136952,0.019681798350603324
2002-04-01,1,0.011735173196317098,-0.0036409142417069954,0.015376087438024093,-0.02002140983542877,53,53,0.6591177092612639,1981-11-01,1,-0.02002140983542877,0.015376087438024093
2002-05-01,1,0.009845683203274589,-0.00026468869202409873,0.010110371895298688,-0.05462916847879462,53,53,1.058301982049181,1981-11-01,1,-0.05462916847879462,0.010110371895298688
2002-06-01,1,0.010519579893330121,0.0019513834096550958,0.008568196483675026,-0.10484237332184221,54,54,1.5828899898982105,1982-02-01,-1,0.10484237332184221,0.008568196483675026
2002-07-01,1,0.007552926156972866,0.0011540530099784796,0.0063988731469943865,0.00935485622371579,54,54,2.614935247525787,1982-02-01,-1,-0.00935485622371579,0.0063988731469943865
2002-08-01,1,0.007397352416436956,0.0011970087430937958,0.00620034367334316,-0.03992411869593393,54,54,2.4025933704091575,1982-07-01,-1,0.03992411869593393,0.00620034367334316
2002-09-01,1,0.0007671492968581326,0.0077926740307634875,-0.007025524733905355,-0.02609475346341894,54,54,1.6457901987247936,1990-08-01,-1,0.02609475346341894,-0.007025524733905355
2002-10-01,-1,-0.00033966584379026943,0.009453092856946486,-0.009792758700736755,0.05120417576708669,54,54,2.4952234703100666,1988-09-01,-1,-0.05120417576708669,-0.009792758700736755
2002-11-01,1,0.0021142063370082516,0.009302353327203234,-0.007188146990194983,-0.007308654353286426,54,54,1.9459963538618446,1990-08-01,-1,0.007308654353286426,-0.007188146990194983
2002-12-01,1,0.0018835697883164769,0.009670123100272715,-0.007786553311956238,-0.0036812320291385037,55,55,2.081524758012246,1990-09-01,-1,0.0036812320291385037,-0.007786553311956238
2003-01-01,1,0.0007400672501387095,0.008625691308699253,-0.007885624058560544,-0.06280710202133466,55,55,1.8680220524489262,1990-09-01,-1,0.06280710202133466,-0.007885624058560544
2003-02-01,1,0.0016007908191698031,0.009549592020636748,-0.007948801201466946,-0.0029398780737061037,55,55,1.861581487871664,1990-09-01,-1,0.0029398780737061037,-0.007948801201466946
2003-03-01,-1,-0.0007015932896906183,0.008832412519471602,-0.009534005809162222,0.05388634738921638,55,55,2.535593149390585,1974-08-01,-1,-0.05388634738921638,-0.009534005809162222
2003-04-01,1,0.00901762865631218,0.006856060683930557,0.002161567972381623,0.05865717516024116,55,55,1.7601831517936304,1988-09-01,-1,-0.05865717516024116,0.002161567972381623
2003-05-01,1,0.007121004799283915,0.007103341456094824,1.7663343189091088e-05,0.059309919005253287,55,55,1.8521558910819198,1988-09-01,-1,-0.059309919005253287,1.7663343189091088e-05
2003-06-01,1,0.005760369787320618,0.006226007333629149,-0.00046563754630853105,-0.0028459006562284728,55,55,2.0592939779111745,1992-06-01,-1,0.0028459006562284728,-0.00046563754630853105
2003-07-01,1,0.004354038010702314,-0.0008467995373076778,0.005200837548009992,0.0023977858213246606,56,56,1.8123511295439256,1985-08-01,1,0.0023977858213246606,0.005200837548009992
2003-08-01,1,0.003960019542000719,-0.001195129853645913,0.005155149395646632,0.02930361933667336,56,56,1.8721199352471423,1985-08-01,1,0.02930361933667336,0.005155149395646632
2003-09-01,1,0.006690176826826094,-0.0019341098070831358,0.008624286633909229,0.02610879721876902,56,56,1.7381168514723169,1985-08-01,1,0.02610879721876902,0.008624286633909229
2003-10-01,1,0.007932972646453826,-0.001971093990737951,0.009904066637191778,0.01679403666060386,56,56,1.7070431399048718,1985-08-01,1,0.01679403666060386,0.009904066637191778
2003-11-01,1,0.009011449215371944,0.001964775151673095,0.007046674063698849,0.042531919605119484,56,56,1.4134924195939926,1976-09-01,-1,-0.042531919605119484,0.007046674063698849
2003-12-01,1,0.007449071227950432,0.0027784991801253845,0.004670572047825047,0.05049209798042886,56,56,1.5240900322680406,1976-04-01,-1,-0.05049209798042886,0.004670572047825047
2004-01-01,1,0.006668430583376691,0.00246397849284141,0.0042044520905352815,0.015098095735086803,56,56,1.9069165042803564,1987-07-01,-1,-0.015098095735086803,0.0042044520905352815
2004-02-01,1,0.007207556667603516,0.0025130821829579915,0.004694474484645525,-0.013226972704265316,57,57,2.1285506858651546,1987-07-01,-1,0.013226972704265316,0.004694474484645525
2004-03-01,1,0.007695516711229041,0.007143987147803849,0.0005515295634251922,0.004337793466075768,57,57,1.9149426329533352,1987-07-01,-1,-0.004337793466075768,0.0005515295634251922
2004-04-01,1,0.007102330435318755,0.014188524276275979,-0.007086193840957224,-0.03429213592154512,57,57,1.8512555141127554,1987-07-01,-1,0.03429213592154512,-0.007086193840957224
2004-05-01,1,0.00801965173654885,0.01711217190697007,-0.00909252017042122,0.02691627380210071,57,57,1.9839178166170588,2000-01-01,-1,-0.02691627380210071,-0.00909252017042122
2004-06-01,1,0.0052610171619874736,0.010459078648555732,-0.005198061486568258,-0.015350247165964004,57,57,1.6727953526628319,1976-07-01,-1,0.015350247165964004,-0.005198061486568258
2004-07-01,1,0.0037807534853679194,0.01671047160859497,-0.012929718123227052,-0.014751992099329314,57,57,1.7387816424812048,1976-06-01,-1,0.014751992099329314,-0.012929718123227052
2004-08-01,1,0.005687458667417649,0.014929428211028908,-0.00924196954361126,0.03103820000826918,58,58,1.6654874576443244,1980-01-01,-1,-0.03103820000826918,-0.00924196954361126
2004-09-01,1,0.007685226360476211,0.013901360403619133,-0.006216134043142921,0.0090335619394879,58,58,1.8168516099252625,1979-12-01,-1,-0.0090335619394879,-0.006216134043142921
2004-10-01,1,0.006252415076219295,0.017694194668666167,-0.011441779592446872,0.04965052419351568,58,58,1.2560553961867067,1980-01-01,-1,-0.04965052419351568,-0.011441779592446872
2004-11-01,1,0.005558807153841305,0.012151454801071902,-0.006592647647230597,0.028875747404199403,58,58,1.277231119503948,1980-01-01,-1,-0.028875747404199403,-0.006592647647230597
2004-12-01,1,0.008085572235076166,0.01159236579344994,-0.0035067935583737737,-0.011258596940943222,58,58,1.3876662483804254,1989-04-01,-1,0.011258596940943222,-0.0035067935583737737
2005-01-01,1,0.004110613272644375,0.00820175340861286,-0.004091140135968485,0.026480432541821752,58,58,1.2582801974510343,2000-06-01,-1,-0.026480432541821752,-0.004091140135968485
2005-02-01,1,0.006070515214667901,0.01005012625772831,-0.0039796110430604095,0.0034453992070393458,58,58,1.2549254156347878,2000-04-01,-1,-0.0034453992070393458,-0.0039796110430604095
2005-03-01,1,0.004414524219335385,0.012502098281870242,-0.008087574062534856,-0.026297444388106217,59,59,1.1032962535858892,1980-01-01,-1,0.026297444388106217,-0.008087574062534856
2005-04-01,1,0.0036205382577954043,0.01243896139806846,-0.008818423140273056,0.0028512419820605484,59,59,1.5653394950475692,2000-06-01,-1,-0.0028512419820605484,-0.008818423140273056
2005-05-01,1,0.005785979092936053,0.011079670165136845,-0.005293691072200792,0.019837417354122477,59,59,1.6740533884848972,1989-03-01,-1,-0.019837417354122477,-0.005293691072200792
2005-06-01,1,0.0033786443770662195,0.013915618796601591,-0.010536974419535373,0.01981365286984027,59,59,2.1119332293548356,1980-01-01,-1,-0.01981365286984027,-0.010536974419535373
2005-07-01,1,0.005321052017303316,0.015348920117780367,-0.010027868100477053,0.013618877106132965,59,59,1.98658430045815,1980-01-01,-1,-0.013618877106132965,-0.010027868100477053
2005-08-01,1,0.005818722488115473,0.01390953788418369,-0.008090815396068218,0.01324754762770386,59,59,1.9357051855887204,1980-01-01,-1,-0.01324754762770386,-0.008090815396068218
2005-09-01,1,0.0049672051580322354,0.016182735688667866,-0.01121553053063563,-0.027542687045875147,59,59,1.7642265237913448,1980-01-01,-1,0.027542687045875147,-0.01121553053063563
2005-10-01,1,0.008170242031394813,0.014832615723972471,-0.006662373692577658,0.029794192343750137,60,60,1.2304917398977753,1995-04-01,-1,-0.029794192343750137,-0.006662373692577658
2005-11-01,1,0.006838600902703803,0.014043093135768002,-0.0072044922330642,0.025918957380626884,60,60,1.3814041366254823,1995-04-01,-1,-0.025918957380626884,-0.0072044922330642
2005-12-01,1,0.005872405816037607,0.01563671933515897,-0.009764313519121364,0.02656971192923785,60,60,1.9051029463364417,1995-04-01,-1,-0.02656971192923785,-0.009764313519121364
2006-01-01,1,0.006551182610837142,0.015801632955832985,-0.009250450344995843,0.006321399306574049,60,60,2.0963942309486563,1995-04-01,-1,-0.006321399306574049,-0.009250450344995843
2006-02-01,1,0.006041772811442725,0.014911544545656925,-0.0088697717342142,0.015795510709085026,60,60,1.6911484577670055,1995-04-01,-1,-0.015795510709085026,-0.0088697717342142
2006-03-01,1,0.008874368191636454,0.013754467377995282,-0.004880099186358828,0.020892196095729343,60,60,1.435635597260706,1995-04-01,-1,-0.020892196095729343,-0.004880099186358828
2006-04-01,1,0.006766408445008832,0.012612667523584328,-0.005846259078575496,0.00041224076139934063,61,61,2.0862768782659127,1995-04-01,-1,-0.00041224076139934063,-0.005846259078575496
2006-05-01,1,0.0057866743512357864,0.016241794114017206,-0.01045511976278142,-0.043476931895629845,61,61,2.499814779563494,1980-01-01,-1,0.043476931895629845,-0.01045511976278142
2006-06-01,1,0.006806368270326171,0.01804475797956325,-0.01123838970923708,0.01564440617481133,61,61,1.955134789072992,1995-02-01,-1,-0.01564440617481133,-0.01123838970923708
2006-07-01,1,0.004461227275054841,0.018057318509515356,-0.013596091234460515,0.022731003708349906,61,61,2.0819270578256868,1995-02-01,-1,-0.022731003708349906,-0.013596091234460515
2006-08-01,1,0.0077932360549588554,0.014552524469348996,-0.006759288414390141,0.010958494319819989,61,61,1.52716777035758,1995-04-01,-1,-0.010958494319819989,-0.006759288414390141
2006-09-01,1,0.0063831998792395865,0.012043920391603066,-0.005660720512363479,0.0316284822499695,61,61,1.628053738130294,1994-11-01,-1,-0.0316284822499695,-0.005660720512363479
2006-10-01,1,0.007713333548490277,0.014326092884776896,-0.006612759336286619,0.024216800420719498,61,61,1.7549894459124928,1995-04-01,-1,-0.024216800420719498,-0.006612759336286619
2006-11-01,1,0.009071017311751509,0.009019548795429471,5.14685163220379e-05,0.025701688288792823,62,62,1.3428187461668266,1995-04-01,-1,-0.025701688288792823,5.14685163220379e-05
2006-12-01,1,0.009721863979933654,0.010417711542439992,-0.0006958475625063378,0.004923983826230938,62,62,1.226837443392529,1995-04-01,-1,-0.004923983826230938,-0.0006958475625063378
2007-01-01,1,0.008304677606936626,0.006045460748868249,0.0022592168580683764,0.02379947248676273,62,62,1.8737735649861458,1989-02-01,-1,-0.02379947248676273,0.0022592168580683764
2007-02-01,1,0.01105461629503335,0.006317016000620393,0.004737600294412957,-0.024574488943101547,62,62,1.474291810478267,1995-08-01,-1,0.024574488943101547,0.004737600294412957
2007-03-01,1,0.014834024896625967,0.004899228243287541,0.009934796653338426,0.047064025454201186,62,62,1.2443793004761552,1978-10-01,-1,-0.047064025454201186,0.009934796653338426
2007-04-01,1,0.014074548762110511,0.005999550620708138,0.008074998141402372,0.028846575266499475,62,62,1.7362212839607503,1978-10-01,-1,-0.028846575266499475,0.008074998141402372
2007-05-01,1,0.011860056839302165,0.0027461495824731815,0.009113907256828983,0.007295384899934421,62,62,1.0238593912030811,1985-02-01,-1,-0.007295384899934421,0.009113907256828983
2007-06-01,1,0.014969653338296078,0.005276868041093104,0.009692785297202973,0.009153273640634563,63,63,0.8659585794727898,1987-01-01,-1,-0.009153273640634563,0.009692785297202973
2007-07-01,1,0.010991502030735215,0.001388235287818593,0.009603266742916622,-0.05478102854621114,63,63,0.9919027353587089,1987-05-01,-1,0.05478102854621114,0.009603266742916622
2007-08-01,1,0.012467741531752062,0.004210870831272154,0.008256870700479908,0.034755881497034125,63,63,1.0605890894168808,1987-05-01,-1,-0.034755881497034125,0.008256870700479908
2007-09-01,1,0.00938658457242497,0.010442207374327786,-0.0010556228019028158,0.040002758780798064,63,63,1.3029766234495193,1987-04-01,-1,-0.040002758780798064,-0.0010556228019028158
2007-10-01,1,0.007606472538780216,0.008406719191408372,-0.0008002466526281556,-0.042664320044460524,63,63,1.4290846262546189,1980-07-01,-1,0.042664320044460524,-0.0008002466526281556
2007-11-01,-1,-0.0007801619159905917,0.006801622707452531,-0.007581784623443123,0.008700621934077502,63,63,1.3915435830794471,1980-05-01,-1,-0.008700621934077502,-0.007581784623443123
2007-12-01,-1,-8.623408758554572e-05,0.00425859755453243,-0.0043448316421179755,-0.06487845683044602,64,64,1.2421738205985013,1980-05-01,-1,0.06487845683044602,-0.0043448316421179755
2008-01-01,1,0.0006195846939002596,0.007681108243656544,-0.007061523549756284,-0.014809236071394616,64,64,2.163683048399576,1990-09-01,-1,0.014809236071394616,-0.007061523549756284
2008-02-01,1,6.0281037292428397e-05,0.0078066027892723395,-0.007746321751979911,-0.02929144425300012,64,64,2.5740478481056956,1990-09-01,-1,0.02929144425300012,-0.007746321751979911
2008-03-01,-1,-0.00243316160610855,0.005372329169096923,-0.007805490775205473,0.045670982868817545,64,64,3.1322164769494627,1980-06-01,-1,-0.045670982868817545,-0.007805490775205473
2008-04-01,-1,-0.0005363176816334681,0.005632846638118177,-0.006169164319751645,0.027227764831960988,64,64,2.820095528395529,1980-06-01,-1,-0.027227764831960988,-0.006169164319751645
2008-05-01,1,0.0030584532298196365,0.00630077499534175,-0.003242321765522114,-0.045301874459915736,64,64,2.207471451776486,1980-06-01,-1,0.045301874459915736,-0.003242321765522114
2008-06-01,1,0.00031437434880875366,0.006252719755169096,-0.005938345406360342,-0.06304787364648923,64,64,2.2357273739952546,1990-09-01,-1,0.06304787364648923,-0.005938345406360342
2008-07-01,-1,-8.752510901455406e-05,0.0046721917030477685,-0.0047597168120623225,-0.008010953678025401,65,65,2.506729613575245,1974-07-01,-1,0.008010953678025401,-0.0047597168120623225
2008-08-01,1,0.001265429177660933,0.007968555935658187,-0.006703126757997254,-0.05421780741074422,65,65,2.248239627658731,1974-07-01,-1,0.05421780741074422,-0.006703126757997254
2008-09-01,1,0.0024295531498059707,0.008639936694866216,-0.006210383545060245,-0.22486666340857275,65,65,2.6239052842822255,2003-03-01,-1,0.22486666340857275,-0.006210383545060245
2008-10-01,1,0.002006806293223205,0.0031514357044078586,-0.0011446294111846535,-0.09816177232575873,65,65,2.5932718463434807,2001-09-01,-1,0.09816177232575873,-0.0011446294111846535
2008-11-01,1,0.011768756050048542,0.001723855048808346,0.010044901001240196,-0.0008302495905240237,65,65,3.0467242114137107,2001-09-01,-1,0.0008302495905240237,0.010044901001240196
2008-12-01,1,0.011310732952540465,0.0033359299160349775,0.007974803036505489,-0.006922562780483199,65,65,3.3349175989856055,2001-09-01,-1,0.006922562780483199,0.007974803036505489
2009-01-01,1,0.011310732952540465,0.0032264238652960713,0.008084309087244394,-0.07776447994656133,65,65,3.3365206849718443,2001-09-01,-1,0.07776447994656133,0.008084309087244394
2009-02-01,1,0.010346198189241419,0.0021790249078103346,0.008167173281431083,-0.06314642050269026,66,66,3.629710479127382,2001-09-01,-1,0.06314642050269026,0.008167173281431083
2009-03-01,1,0.011034015874305402,0.0006569289425924597,0.010377086931712942,0.126673932406989,66,66,3.928235228048638,1982-03-01,-1,-0.126673932406989,0.010377086931712942
2009-04-01,1,0.00995377113167341,-9.584084318757554e-06,0.009963355215992167,0.09014407119903645,66,66,3.7169339003855555,1982-03-01,1,0.09014407119903645,0.009963355215992167
2009-05-01,1,0.00991471391560264,1.1797834566157182e-05,0.009902916081036483,0.028195626624095915,66,66,3.0511755898825923,1982-03-01,-1,-0.028195626624095915,0.009902916081036483
2009-06-01,1,0.01014125326340923,0.001221171664985998,0.008920081598423231,0.005008567615305992,66,66,2.3269809889054454,1982-03-01,-1,-0.005008567615305992,0.008920081598423231
2009-07-01,1,0.008670854454229946,0.00025565595479153146,0.008415198499438415,0.09335042221682643,66,66,2.201229152960544,1982-03-01,-1,-0.09335042221682643,0.008415198499438415
2009-08-01,1,0.009802320535733862,0.0027081466358826957,0.007094173899851166,0.03853919186885091,67,67,1.362021948728602,1982-03-01,-1,-0.03853919186885091,0.007094173899851166
2009-09-01,1,0.0030981208764756037,0.0017825110075523458,0.001315609868923258,0.0227929490917973,67,67,1.625135772100602,1982-04-01,-1,-0.0227929490917973,0.001315609868923258
2009-10-01,1,0.004664387110737347,-0.0009407323610301788,0.005605119471767526,0.014357886995618241,67,67,1.2785962780096463,2003-09-01,1,0.014357886995618241,0.005605119471767526
2009-11-01,1,0.0064682748421111885,0.006734660240618745,-0.0002663853985075569,0.01194633865587491,67,67,1.5061492958404157,2004-01-01,-1,-0.01194633865587491,-0.0002663853985075569
2009-12-01,1,0.007603569642603731,0.010980033457568778,-0.0033764638149650474,0.012177676666463189,67,67,1.3602232598655115,2004-06-01,-1,-0.012177676666463189,-0.0033764638149650474
2010-01-01,1,0.00822742328175495,0.011882207269125667,-0.0036547839873707164,-0.041947050870803526,67,67,1.7585206044284027,2004-05-01,-1,0.041947050870803526,-0.0036547839873707164
2010-02-01,1,0.007957662084473072,0.0077541511097878124,0.00020351097468525921,0.05689953192752939,67,67,1.7989719019562476,2004-01-01,-1,-0.05689953192752939,0.00020351097468525921
2010-03-01,1,0.008558495663101219,0.009387268688306952,-0.000828773025205733,0.034627959497280925,68,68,1.4009569667616577,2004-03-01,-1,-0.034627959497280925,-0.000828773025205733
2010-04-01,1,0.007564367556097046,0.012620266731152699,-0.005055899175055653,-0.07952003733754331,68,68,1.0124595249561006,2004-06-01,-1,0.07952003733754331,-0.005055899175055653
2010-05-01,1,0.007454729044867982,0.006377174019189426,0.0010775550256785556,-0.03313295833188423,68,68,1.221856992674891,1976-06-01,-1,0.03313295833188423,0.0010775550256785556
2010-06-01,1,0.005519468837396659,0.004664037793474892,0.0008554310439217675,0.0043721714513438314,68,68,1.0731996780987658,1994-06-01,-1,-0.0043721714513438314,0.0008554310439217675
2010-07-01,1,0.006231473278196627,0.004589471918188506,0.001642001360008121,0.018382205679327912,68,68,0.6741408271476642,1976-06-01,-1,-0.018382205679327912,0.001642001360008121
2010-08-01,1,0.005127117313221874,0.003301105043979428,0.0018260122692424462,0.03217714116839199,68,68,1.0049702038415405,1976-06-01,-1,-0.03217714116839199,0.0018260122692424462
2010-09-01,1,0.0031122003425253343,0.002421165747905322,0.0006910345946200122,0.047182482327751574,68,68,0.8579597814072162,1976-06-01,-1,-0.047182482327751574,0.0006910345946200122
2010-10-01,1,0.006650976653306333,0.0037534016016252014,0.0028975750516811315,0.016695763705218747,69,69,0.9327249027987063,1976-05-01,-1,-0.016695763705218747,0.0028975750516811315
2010-11-01,1,0.003739428559799261,0.0026857124476116503,0.0010537161121876109,0.030784398188637763,69,69,0.8007286926521464,1976-06-01,-1,-0.030784398188637763,0.0010537161121876109
2010-12-01,1,0.004929631915800401,0.0022923338748605197,0.0026372980409398814,0.032646646356865316,69,69,0.4043266766297205,1976-06-01,-1,-0.032646646356865316,0.0026372980409398814
2011-01-01,1,0.005311248888279295,0.00153483915620836,0.003776409732070935,0.03356333212591345,69,69,0.33382116146813084,1976-06-01,-1,-0.03356333212591345,0.003776409732070935
2011-02-01,1,0.006949162233628414,0.003191222659806036,0.0037579395738223786,-0.011259478584102811,69,69,0.7265357705352142,1976-06-01,-1,0.011259478584102811,0.0037579395738223786
2011-03-01,1,0.003957877854647277,0.005903482920106033,-0.001945605065458756,0.023797726486211035,69,69,0.6200333023774112,1976-06-01,-1,-0.023797726486211035,-0.001945605065458756
2011-04-01,1,0.006675766875542526,0.0035687352166684045,0.0031070316588741216,-0.006921908007097577,70,70,0.6323465449794801,1976-06-01,-1,0.006921908007097577,0.0031070316588741216
2011-05-01,1,0.009745322467560878,0.003732244180452322,0.0060130782871085555,-0.03617599294976348,70,70,0.9209882013248316,2003-11-01,-1,0.03617599294976348,0.0060130782871085555
2011-06-01,1,0.009775393957528737,0.0052227932279447185,0.004552600729584019,0.02278058649755965,70,70,0.9400127071026002,2003-11-01,-1,-0.02278058649755965,0.004552600729584019
2011-07-01,1,0.006906177220445231,0.008948157114953071,-0.0020419798945078404,-0.11467632067832123,70,70,1.1712201541208718,2004-07-01,-1,0.11467632067832123,-0.0020419798945078404
2011-08-01,1,0.004880353244833236,0.004440946840001898,0.00043940640483133755,-0.03212876810177967,70,70,1.0286892040487,1976-06-01,-1,0.03212876810177967,0.00043940640483133755
2011-09-01,1,0.003902461409957617,0.007621675283184721,-0.0037192138732271038,0.020907839902832626,70,70,1.7705242218005472,1978-06-01,-1,-0.020907839902832626,-0.0037192138732271038
2011-10-01,1,0.005679522440012865,0.0013171139640650864,0.0043624084759477785,0.01023283673466402,70,70,1.1006875479108342,1978-05-01,-1,-0.01023283673466402,0.0043624084759477785
2011-11-01,1,0.003334025387467402,0.003584766016009727,-0.0002507406285423251,0.010546701608190823,71,71,0.9251623551831261,1977-05-01,-1,-0.010546701608190823,-0.0002507406285423251
2011-12-01,1,0.0057142624070737665,-0.0006791764475592201,0.006393438854632986,0.042452749949616786,71,71,1.170272475155329,1978-05-01,1,0.042452749949616786,0.006393438854632986
2012-01-01,1,0.00499142796649318,-0.004689310373403432,0.009680738339896612,0.04565081959618622,71,71,1.0483823625545536,1977-09-01,1,0.04565081959618622,0.009680738339896612
2012-02-01,1,0.004936187265867106,-0.005799040326607679,0.010735227592474784,0.011550079217924614,71,71,1.1101001270945743,1977-09-01,1,0.011550079217924614,0.010735227592474784
2012-03-01,1,0.00497045213963416,-0.0018673577268589383,0.006837809866493099,-0.014913015255423878,71,71,0.9155036085682519,2001-01-01,1,-0.014913015255423878,0.006837809866493099
2012-04-01,1,0.005398288433486058,-0.0013061336160472136,0.006704422049533271,-0.042139496401245036,71,71,1.2542684837356832,2000-12-01,1,-0.042139496401245036,0.006704422049533271
2012-05-01,1,0.006326956552144194,0.0032149128112398517,0.0031120437409043423,-0.01953421980133241,71,71,1.3564647239859133,2000-12-01,-1,0.01953421980133241,0.0031120437409043423
2012-06-01,1,0.007344277793906815,-0.001537011695981046,0.008881289489887862,0.028793989541560316,72,72,1.560304230274399,2001-01-01,1,0.028793989541560316,0.008881289489887862
2012-07-01,1,0.01084737474699434,-0.004751309838888631,0.01559868458588297,0.030710234176026807,72,72,1.5391095164813844,2001-01-01,1,0.030710234176026807,0.01559868458588297
2012-08-01,1,0.006733470789000665,-0.0012177988076915987,0.007951269596692264,0.03181240271232699,72,72,1.3254947549699787,2001-01-01,1,0.03181240271232699,0.007951269596692264
2012-09-01,1,0.006300318630718825,-0.003958474712082483,0.010258793342801309,0.002414551372505791,72,72,1.206469413177762,2003-07-01,1,0.002414551372505791,0.010258793342801309
2012-10-01,1,0.005802412570092125,0.00016065472812802474,0.005641757841964101,-0.018995946227502225,72,72,1.1256283804397083,2001-01-01,-1,0.018995946227502225,0.005641757841964101
2012-11-01,1,0.005208661633018482,-0.0034816383625077183,0.0086902999955262,0.029666278014572223,72,72,1.3322330365123727,1972-03-01,1,0.029666278014572223,0.0086902999955262
2012-12-01,1,0.005029743545415782,-0.0021603463241899093,0.0071900898696056915,0.04507627347498033,73,73,0.9795751373519347,1972-03-01,1,0.04507627347498033,0.0071900898696056915
2013-01-01,1,0.005217919973615587,-0.00015008455513075122,0.005368004528746338,0.017288262783351938,73,73,0.8751537588930013,1972-03-01,1,0.017288262783351938,0.005368004528746338
2013-02-01,1,0.00641242040812416,-0.0008857618119383926,0.007298182220062553,0.01604609541891877,73,73,0.9627384625177889,1972-03-01,1,0.01604609541891877,0.007298182220062553
2013-03-01,1,0.006006462955623765,-0.0004588133939013667,0.006465276349525132,0.00560078544202014,73,73,0.9367722791380766,1994-04-01,1,0.00560078544202014,0.006465276349525132
2013-04-01,1,0.006947572538807741,-0.0015029255020965527,0.008450498040904295,0.0382987498364753,73,73,0.9911071279363901,1972-03-01,1,0.0382987498364753,0.008450498040904295
2013-05-01,1,0.0066946472818792,-0.0006100453169206599,0.00730469259879986,-0.02503387372959376,73,73,0.6210625277807248,1992-12-01,1,-0.02503387372959376,0.00730469259879986
2013-06-01,1,0.008345480048111488,-0.0005507525673695029,0.008896232615480991,0.026640313426915974,73,73,0.7577080118488195,1976-03-01,1,0.026640313426915974,0.008896232615480991
2013-07-01,1,0.006002884298839682,-0.0038734613718131314,0.009876345670652813,0.005009962184039818,74,74,0.6889146282388926,1976-02-01,1,0.005009962184039818,0.009876345670652813
2013-08-01,1,0.008292779410981407,0.0006145919248494529,0.007678187486131954,0.01317719596978062,74,74,0.873126576223844,1976-03-01,-1,-0.01317719596978062,0.007678187486131954
2013-09-01,1,0.010245528428084143,-0.0032033276689689377,0.013448856097053081,0.022782759864692803,74,74,0.9590329866418726,1972-06-01,1,0.022782759864692803,0.013448856097053081
2013-10-01,1,0.007767361219129876,-0.004214843103014148,0.011982204322144023,0.026919063355298256,74,74,0.66011961320562,1976-03-01,1,0.026919063355298256,0.011982204322144023
2013-11-01,1,0.00898094961587915,-0.004954064904360448,0.013935014520239597,0.00466850123012108,74,74,0.7935144085557797,1976-02-01,1,0.00466850123012108,0.013935014520239597
2013-12-01,1,0.007498680732454826,-0.005884054213134935,0.01338273494558976,0.009372486949092762,74,74,0.8218460985541521,1976-02-01,1,0.009372486949092762,0.01338273494558976
2014-01-01,1,0.010152202887242954,-0.0037280434367790985,0.013880246324022051,-0.006437226518672845,74,74,0.795467932057065,1972-04-01,1,-0.006437226518672845,0.013880246324022051
2014-02-01,1,0.008470677799687267,-0.004763862025412575,0.013234539825099843,0.022781859952663686,75,75,0.8198676945028123,1972-06-01,1,0.022781859952663686,0.013234539825099843
2014-03-01,1,0.009619609442971487,-0.005046312010139313,0.0146659214531108,0.009413961156299111,75,75,0.8621064959354946,1972-05-01,1,0.009413961156299111,0.0146659214531108
2014-04-01,1,0.009093605090940338,-0.005228663935211658,0.014322269026151996,0.0129163236174481,75,75,0.97846270995671,1972-04-01,1,0.0129163236174481,0.014322269026151996
2014-05-01,1,0.006944598741596553,-0.004076138904473206,0.01102073764606976,0.024134501670260766,75,75,0.7541196748213168,1976-03-01,1,0.024134501670260766,0.01102073764606976
2014-06-01,1,0.008152782012072183,-0.00292081729673515,0.011073599308807332,0.0072806455845175755,75,75,0.5261489979190467,1976-03-01,1,0.0072806455845175755,0.011073599308807332
2014-07-01,1,0.008446180427138426,-0.000695151545567656,0.009141331972706083,-0.013112695305285582,75,75,0.6604123919875576,1972-05-01,1,-0.013112695305285582,0.009141331972706083
2014-08-01,1,0.008137290781338078,-0.003205381906445018,0.011342672687783096,0.008465611592421318,76,76,0.8783366525472619,1972-03-01,1,0.008465611592421318,0.011342672687783096
2014-09-01,1,0.010103177040702705,-0.0023665828897156535,0.012469759930418357,-0.042151367495573244,76,76,0.923159566581984,1972-03-01,1,-0.042151367495573244,0.012469759930418357
2014-10-01,1,0.009336211274887147,-0.0065283517641956754,0.015864563039082822,0.042704189804828374,76,76,0.7919592046251093,1984-08-01,1,0.042704189804828374,0.015864563039082822
2014-11-01,1,0.009117823775054313,-0.007153465440657933,0.016271289215712248,-0.00864168073209326,76,76,0.8588043333148718,1984-08-01,1,-0.00864168073209326,0.016271289215712248
2014-12-01,1,0.011208664919871054,-0.009514604148907667,0.02072326906877872,-0.012797837763189657,76,76,1.345277710486818,1984-08-01,1,-0.012797837763189657,0.02072326906877872
2015-01-01,1,0.012850952769922494,-0.0089438174352412,0.021794770205163697,0.02694368754315346,76,76,1.679275707274254,1984-08-01,1,0.02694368754315346,0.021794770205163697
2015-02-01,1,0.012137184072450074,-0.00874969619090316,0.020886880263353235,-0.005078053545783279,76,76,1.6191035531608775,1993-07-01,1,-0.005078053545783279,0.020886880263353235
2015-03-01,1,0.011529716913086845,-0.007996969182683984,0.01952668609577083,0.015599435521648664,77,77,1.7809868167188465,1984-08-01,1,0.015599435521648664,0.01952668609577083
2015-04-01,1,0.010911557784692858,-0.011683469643338879,0.02259502742803174,0.005373196416328385,77,77,1.615768489488052,1984-08-01,1,0.005373196416328385,0.02259502742803174
2015-05-01,1,0.008860750436055984,-0.011623340273347434,0.020484090709403418,-0.011911101575759475,77,77,1.3402037517304561,1984-12-01,1,-0.011911101575759475,0.020484090709403418
2015-06-01,1,0.010279281893879886,-0.008353126350722911,0.0186324082446028,-0.01424345115312442,77,77,1.3042686962019638,1984-12-01,1,-0.01424345115312442,0.0186324082446028
2015-07-01,1,0.011314129736620958,-0.008655353463501419,0.019969483200122377,-0.030027985973579474,77,77,1.7694273062907373,2009-09-01,1,-0.030027985973579474,0.019969483200122377
2015-08-01,1,0.010594882165230288,-0.005066154783457053,0.01566103694868734,-0.05490685637713011,77,77,1.9654996996626122,1984-12-01,1,-0.05490685637713011,0.01566103694868734
2015-09-01,1,0.009423084239177431,-0.004745017687045113,0.014168101926222545,0.03728852575921349,77,77,1.6347429136551908,1982-03-01,1,0.03728852575921349,0.014168101926222545
2015-10-01,1,0.01112632477080466,-0.009348059410085471,0.02047438418089013,0.009931405597355392,78,78,1.1535963952351196,1984-08-01,1,0.009931405597355392,0.02047438418089013
2015-11-01,1,0.010168529244757857,-0.007025146821422648,0.017193676066180504,-0.021574803697864908,78,78,1.0016878382496066,1984-08-01,1,-0.021574803697864908,0.017193676066180504
2015-12-01,1,0.009643812534996521,-0.008513905868831188,0.01815771840382771,-0.06641147325895491,78,78,0.8862333325707945,1984-10-01,1,-0.06641147325895491,0.01815771840382771
2016-01-01,1,0.00882437763595911,-0.006767969424316202,0.015592347060275312,-0.010837840319137926,78,78,0.9474858383669746,1984-10-01,1,-0.010837840319137926,0.015592347060275312
2016-02-01,1,0.007633171942113142,-0.0055401444773114285,0.01317331641942457,0.06747521758312103,78,78,1.221865534248373,1984-08-01,1,0.06747521758312103,0.01317331641942457
2016-03-01,1,0.009055263023186245,-0.005020617845668833,0.014075880868855079,0.02805295436374755,78,78,0.4970683238930149,1984-10-01,1,0.02805295436374755,0.014075880868855079
2016-04-01,1,0.009191373877648049,-0.006080146091703695,0.015271519969351744,-9.706981343615695e-06,79,79,0.5384913486823047,1984-10-01,1,-9.706981343615695e-06,0.015271519969351744
2016-05-01,1,0.009329098182943115,-0.007015139996703323,0.016344238179646437,0.007104856449907659,79,79,0.7142637839441557,1984-10-01,1,0.007104856449907659,0.016344238179646437
2016-06-01,1,0.008958270861489736,-0.002195355119178174,0.01115362598066791,0.025374318415488872,79,79,0.8259011956636654,2012-04-01,1,0.025374318415488872,0.01115362598066791
2016-07-01,1,0.007420615931247901,-0.000465160383748449,0.00788577631499635,0.010487982855064581,79,79,0.5356381170437561,2012-04-01,1,0.010487982855064581,0.00788577631499635
2016-08-01,1,0.009282833654311215,-0.003020342570465344,0.01230317622477656,-0.008093183437574258,79,79,0.8061814951009738,2012-08-01,1,-0.008093183437574258,0.01230317622477656
2016-09-01,1,0.008950506706497108,-0.0060887215316786,0.015039228238175707,-0.0117563369124275,79,79,0.8375095978717433,2012-10-01,1,-0.0117563369124275,0.015039228238175707
2016-10-01,1,0.006746627475931835,0.0022802836823512408,0.004466343793580594,0.008100504119761043,79,79,0.7064313570811703,2012-03-01,-1,-0.008100504119761043,0.004466343793580594
2016-11-01,1,0.007827403065310413,7.827014567905743e-05,0.007749132919631356,0.03995293939976308,80,80,0.7073381745429393,2012-03-01,-1,-0.03995293939976308,0.007749132919631356
2016-12-01,1,0.006661611152474632,0.0008434917175943358,0.005818119434880297,0.011361305500478203,80,80,0.7491975800397915,1972-03-01,-1,-0.011361305500478203,0.005818119434880297
2017-01-01,1,0.010278206116032446,-0.0004485326616509827,0.010726738777683428,0.0185758425495246,80,80,0.8990601075141381,1976-05-01,1,0.0185758425495246,0.010726738777683428
2017-02-01,1,0.00960403967522288,-0.0009245679067280743,0.010528607581950953,0.007699038274577852,80,80,1.0510855901239542,1976-05-01,1,0.007699038274577852,0.010528607581950953
2017-03-01,1,0.007307417781903908,-0.002123997390542752,0.00943141517244666,-0.004858160633778086,80,80,0.5985024163001933,1972-03-01,1,-0.004858160633778086,0.00943141517244666
2017-04-01,1,0.008528112941125422,-0.0003893777066001483,0.00891749064772557,0.010380864755118457,80,80,0.6058426660315335,1972-03-01,1,0.010380864755118457,0.00891749064772557
2017-05-01,1,0.007495008693408497,-0.0015758821820608796,0.009070890875469377,0.014191621020427592,80,80,0.5040022597554308,1972-03-01,1,0.014191621020427592,0.009070890875469377
2017-06-01,1,0.008280427387922066,-0.003852078525200735,0.012132505913122801,0.011449510170923993,81,81,0.5087088844255336,1972-03-01,1,0.011449510170923993,0.012132505913122801
2017-07-01,1,0.008863536746329998,-0.0047866276700895905,0.01365016441641959,-0.0020875174372013694,81,81,0.5274933040255964,1972-03-01,1,-0.0020875174372013694,0.01365016441641959
2017-08-01,1,0.00717308515121272,-0.0047866276700895905,0.011959712821302312,0.017208249288434896,81,81,0.5776843924194512,1972-03-01,1,0.017208249288434896,0.011959712821302312
2017-09-01,1,0.0070043967372033595,0.0004887309426905542,0.006515665794512805,0.0245468134064728,81,81,0.757144931388729,1972-03-01,-1,-0.0245468134064728,0.006515665794512805
2017-10-01,1,0.007544551681530834,-0.0025720005413347774,0.010116552222865612,0.002735394868042862,81,81,0.9340653229069357,1972-03-01,1,0.002735394868042862,0.010116552222865612
2017-11-01,1,0.006057494070973953,-0.0007934161419625475,0.006850910212936501,0.026703211595482834,81,81,0.8670313133055951,1978-09-01,1,0.026703211595482834,0.006850910212936501
2017-12-01,1,0.0069875608411545,-0.0010938630576461518,0.008081423898800651,0.04366759404862708,82,82,0.8129527671204954,1978-09-01,1,0.04366759404862708,0.008081423898800651
2018-01-01,1,0.006325447564453497,0.0007374507006108294,0.005587996863842667,-0.03826446839746567,82,82,0.8258961772916671,1978-09-01,-1,0.03826446839746567,0.005587996863842667
2018-02-01,1,0.007000691357776807,0.003225701143841384,0.003774990213935423,-0.011778480212839448,82,82,0.6496838710925636,1978-09-01,-1,0.011778480212839448,0.003774990213935423
2018-03-01,1,0.006330937209937742,0.0027689852788232725,0.003561951931114469,-0.005762112164713007,82,82,0.5693006300938449,1978-10-01,-1,0.005762112164713007,0.003561951931114469
2018-04-01,1,0.007383189447707221,0.0044188507508042315,0.0029643386969029897,0.007684753064914895,82,82,0.5988546357830926,1978-10-01,-1,-0.007684753064914895,0.0029643386969029897
2018-05-01,1,0.007445028052562885,0.004536982584443367,0.0029080454681195177,0.0025054203806311737,82,82,0.7205049838441739,1978-06-01,-1,-0.0025054203806311737,0.0029080454681195177
2018-06-01,1,0.006012258475102312,0.006168494562408617,-0.00015623608730630512,0.007838961078382,82,82,0.7118946259699293,1978-06-01,-1,-0.007838961078382,-0.00015623608730630512
2018-07-01,1,0.007535115318892749,0.006134093334463876,0.0014010219844288732,0.014656620619495131,83,83,0.7043932190555751,1978-06-01,-1,-0.014656620619495131,0.0014010219844288732
2018-08-01,1,0.009181503273414472,0.002046766865294182,0.00713473640812029,0.00807790141117981,83,83,0.9012112578204446,1978-06-01,-1,-0.00807790141117981,0.00713473640812029
2018-09-01,1,0.008040481779123948,0.0017370722406238235,0.006303409538500124,-0.03961027701347608,83,83,1.0568116993033705,1978-05-01,-1,0.03961027701347608,0.006303409538500124
2018-10-01,1,0.0029898714308252985,0.004890104496414917,-0.0019002330655896187,-0.01608776818624691,83,83,1.1673526303664108,1978-05-01,-1,0.01608776818624691,-0.0019002330655896187
2018-11-01,1,0.003192062491086159,0.0007031476389217586,0.0024889148521644003,-0.0586361566839263,83,83,0.9685487083312124,1981-09-01,-1,0.0586361566839263,0.0024889148521644003
2018-12-01,1,0.0015254688838818495,-0.0012804091259662246,0.002805878009848074,0.022169054904960905,83,83,1.483765549401019,1978-11-01,1,0.022169054904960905,0.002805878009848074
2019-01-01,1,0.0029426893465505275,-0.002831996793511594,0.005774686140062121,0.05448778495621864,83,83,1.4688740892454513,1981-09-01,1,0.05448778495621864,0.005774686140062121
2019-02-01,1,0.005482276703454468,-0.0030988284189201703,0.008581105122374639,0.00903915088625662,84,84,1.4896884909103008,1978-04-01,1,0.00903915088625662,0.008581105122374639
2019-03-01,1,0.005851396201205957,-0.003953585834069152,0.00980498203527511,0.02328990641089601,84,84,1.2870992924133222,1977-10-01,1,0.02328990641089601,0.00980498203527511
2019-04-01,1,0.005690065486932436,-0.0034249306804890337,0.00911499616742147,-0.019789685536254042,84,84,1.2295507815176552,1978-04-01,1,-0.019789685536254042,0.00911499616742147
2019-05-01,1,0.003566970485088255,-0.002132867531860832,0.005699838016949087,0.01290431337842679,84,84,1.3436984211691028,1978-04-01,1,0.01290431337842679,0.005699838016949087
2019-06-01,1,0.004219173844839269,-0.005046245331115971,0.00926541917595524,0.02709832034516757,84,84,1.2164952230892496,2016-06-01,1,0.02709832034516757,0.00926541917595524
2019-07-01,1,0.00308867723512834,-0.002392219337462325,0.005480896572590665,-0.041691647087418016,84,84,1.3137553928342147,2014-12-01,1,-0.041691647087418016,0.005480896572590665
2019-08-01,1,0.005594123874034868,-0.004275112070716281,0.00986923594475115,0.02937759967535758,85,85,1.1821952872904975,2012-05-01,1,0.02937759967535758,0.00986923594475115
2019-09-01,1,0.0075114663762916875,0.0013396079007248773,0.0061718584755668104,-0.0033508844117350334,85,85,0.9572161254488593,2012-04-01,-1,0.0033508844117350334,0.0061718584755668104
2019-10-01,1,0.009331218435210795,-0.0017133548096516264,0.01104457324486242,0.03738002767181792,85,85,2.00424883995962,2012-11-01,1,0.03738002767181792,0.01104457324486242
2019-11-01,1,0.009930179217730805,-0.0043776068799813005,0.014307786097712105,0.02091796611246588,85,85,1.5814798374241705,1985-06-01,1,0.02091796611246588,0.014307786097712105
2019-12-01,1,0.010103709125932416,-0.0032982292793889696,0.013401938405321386,0.018556601564110986,85,85,1.6810051240669632,1985-07-01,1,0.018556601564110986,0.013401938405321386
2020-01-01,1,0.011742570699785118,-0.001007502898652662,0.01275007359843778,-0.016894668813767555,85,85,1.4268303293163667,1983-03-01,1,-0.016894668813767555,0.01275007359843778
2020-02-01,1,0.010984889157919897,0.007486501772918386,0.003498387385001511,-0.2194017418115587,85,85,2.4411546890437017,1982-11-01,-1,0.2194017418115587,0.003498387385001511
2020-03-01,1,0.0035528557725290465,0.0020066727780448366,0.00154618299448421,0.013399629695992399,86,86,2.1349374624999444,2001-09-01,-1,-0.013399629695992399,0.00154618299448421
2020-04-01,1,0.006580125993087121,0.0025200452840821457,0.004060080709004975,0.037831482229104596,86,86,2.360092038784587,2008-12-01,-1,-0.037831482229104596,0.004060080709004975
2020-05-01,1,0.01108797620860111,0.0031589047618518617,0.007929071446749248,0.07108669212677055,86,86,1.8020286607102116,2001-08-01,-1,-0.07108669212677055,0.007929071446749248
2020-06-01,1,0.004806399076371959,0.004445175753352253,0.0003612233230197064,0.017037772762538594,86,86,1.5845974005294887,2001-08-01,-1,-0.017037772762538594,0.0003612233230197064
2020-07-01,1,0.00449938929004396,0.002307095225801767,0.0021922940642421927,0.04816659035243265,86,86,2.0804594334150943,2001-07-01,-1,-0.04816659035243265,0.0021922940642421927
2020-08-01,1,0.007611535862359604,0.003199260517002322,0.004412275345357282,-0.007397337489016831,86,86,1.8573064651950095,2001-06-01,-1,0.007397337489016831,0.004412275345357282
2020-09-01,1,0.006133386514191683,0.0031906154953083073,0.002942771018883376,0.01440971526302448,86,86,1.8929317339357183,2001-06-01,-1,-0.01440971526302448,0.002942771018883376
2020-10-01,1,0.0006434715887619366,0.004289815396305146,-0.003646343807543209,0.0557902250000204,87,87,2.740995786450201,2001-08-01,-1,-0.0557902250000204,-0.003646343807543209
2020-11-01,1,0.00516327212825243,-0.0001353933673540057,0.005298665495606436,0.049483032873806954,87,87,1.7905306093069673,2001-05-01,1,0.049483032873806954,0.005298665495606436
2020-12-01,1,0.010270720268251625,0.0004868048056354329,0.009783915462616193,0.03151401138682908,87,87,2.0677159767731097,1992-08-01,-1,-0.03151401138682908,0.009783915462616193
2021-01-01,1,0.006449922483942771,0.0038334492132122587,0.002616473270730512,0.02526151414945854,87,87,2.220837113747674,2007-08-01,-1,-0.02526151414945854,0.002616473270730512
2021-02-01,1,0.005316028019067777,-0.0019468721547191365,0.007262900173786914,0.018420307581200168,87,87,2.461564915151905,2003-10-01,1,0.018420307581200168,0.007262900173786914
2021-03-01,1,0.003984663083500635,0.006907520050674729,-0.002922856967174094,0.03670612679345142,87,87,1.6975432863130202,2010-03-01,-1,-0.03670612679345142,-0.002922856967174094
2021-04-01,1,0.0044384377399897205,0.006882458078716013,-0.0024440203387262925,0.021429807167666848,88,88,2.057053727469865,2010-03-01,-1,-0.021429807167666848,-0.0024440203387262925
2021-05-01,1,0.0044861597052285465,0.008452008378353465,-0.003965848673124919,0.011147403434119463,88,88,1.6218028411803815,2004-04-01,-1,-0.011147403434119463,-0.003965848673124919
2021-06-01,1,0.005693780838868358,0.00796435591394893,-0.0022705750750805715,-0.0027889842530948172,88,88,1.6496096652881742,2004-04-01,-1,0.0027889842530948172,-0.0022705750750805715
2021-07-01,1,0.006126264644595778,0.00786406622232058,-0.0017378015777248018,0.01177698858221965,88,88,1.181990332272171,2004-04-01,-1,-0.01177698858221965,-0.0017378015777248018
2021-08-01,1,0.0071235527312623476,0.004482667697579924,0.002640885033682424,-0.009493780003294816,88,88,1.1884919361588262,1987-07-01,-1,0.009493780003294816,0.002640885033682424
2021-09-01,1,0.005773738706536488,0.005474973572250486,0.0002987651342860019,0.011172568511033099,88,88,1.1658164201818981,2004-04-01,-1,-0.011172568511033099,0.0002987651342860019
2021-10-01,1,0.005480963579492582,0.006244978815316596,-0.0007640152358240147,0.019691547750425586,88,88,1.5381069519879749,2010-03-01,-1,-0.019691547750425586,-0.0007640152358240147
2021-11-01,1,0.003252223323332128,0.006553052815254122,-0.0033008294919219944,-0.016284571734395126,89,89,1.6083884588686423,2004-04-01,-1,0.016284571734395126,-0.0033008294919219944
2021-12-01,1,0.004675301444272619,0.005966883295756487,-0.0012915818514838678,0.004843706105700951,89,89,0.7621079767549499,2004-06-01,-1,-0.004843706105700951,-0.0012915818514838678
2022-01-01,1,0.0038986432207906534,0.004499173213861983,-0.0006005299930713298,-0.01787978896940734,89,89,0.7626628084226732,2004-06-01,-1,0.01787978896940734,-0.0006005299930713298
2022-02-01,1,0.004311790212087104,0.00908062951440856,-0.0047688393023214565,-0.014927209085903281,89,89,1.11660525100459,2011-07-01,-1,0.014927209085903281,-0.0047688393023214565
2022-03-01,1,0.00511024751164621,0.010557497792215896,-0.005447250280569686,0.00417244993158139,89,89,1.5143973488873277,2000-03-01,-1,-0.00417244993158139,-0.005447250280569686
2022-04-01,1,0.0016004486866602976,0.0074243794295551085,-0.005823930742894811,-0.059739351627896675,89,89,1.934340089094171,2018-06-01,-1,0.059739351627896675,-0.005823930742894811
2022-05-01,1,0.0028853855203185928,0.010821947519078261,-0.007936561998759669,-0.032466799567644755,89,89,1.8587031238825826,1990-10-01,-1,0.032466799567644755,-0.007936561998759669
2022-06-01,1,0.0017782776373139765,0.012763438942946825,-0.010985161305632849,-0.016046003170411383,90,90,2.2439088376528784,2018-10-01,-1,0.016046003170411383,-0.010985161305632849
2022-07-01,1,0.004694654650439947,0.004938781176477209,-0.00024412652603726225,0.048958668212505385,90,90,2.2554938154830824,1981-09-01,-1,-0.048958668212505385,-0.00024412652603726225
2022-08-01,1,0.0009309809948203851,0.0037346520522001836,-0.0028036710573797986,-0.0629953417936383,90,90,2.6320974581676246,1981-09-01,-1,0.0629953417936383,-0.0028036710573797986
2022-09-01,1,0.0003317300558015046,0.0007940744466394861,-0.0004623443908379815,-0.023351722555842835,90,90,2.7728100659406727,1981-09-01,-1,0.023351722555842835,-0.0004623443908379815
2022-10-01,-1,-0.0001585557636347638,0.0003173674157991055,-0.0004759231794338693,0.07662646549157093,90,90,3.4194868218505454,1981-09-01,-1,-0.07662646549157093,-0.0004759231794338693
2022-11-01,1,0.004445731816684603,0.003382273397041102,0.0010634584196435011,0.0077563024796099,90,90,3.2655333463256677,1981-08-01,-1,-0.0077563024796099,0.0010634584196435011
2022-12-01,1,0.0006490901146354397,0.0018575277779448603,-0.0012084376633094206,0.02671219961869631,91,91,3.1858834315312223,1981-08-01,-1,-0.02671219961869631,-0.0012084376633094206
2023-01-01,1,0.0035037993016973556,0.0022628753164863485,0.001240923985211007,0.008306465874927005,91,91,3.0677646008387005,1981-08-01,-1,-0.008306465874927005,0.001240923985211007
2023-02-01,1,0.0027040802775480993,-0.006207365239111937,0.008911445516660036,-0.04792659431513391,91,91,3.0367628543837353,1981-07-01,1,-0.04792659431513391,0.008911445516660036
2023-03-01,1,0.001655095106463247,-0.00957503079692905,0.011230125903392297,0.028635784563104894,91,91,3.2560138088875314,1981-07-01,1,0.028635784563104894,0.011230125903392297
2023-04-01,1,0.0033119553836486342,-0.006422915812899771,0.009734871196548405,-0.018634609966792004,91,91,3.4131217907297056,1981-07-01,1,-0.018634609966792004,0.009734871196548405
2023-05-01,1,0.0018113929286501845,-0.005726144034800675,0.00753753696345086,0.023609048310250236,91,91,3.0149865249040433,1981-07-01,1,0.023609048310250236,0.00753753696345086
2023-06-01,1,0.0043072862899049165,-0.004951799617299862,0.009259085907204779,0.03372043907336009,91,91,3.194263782017347,1981-07-01,1,0.03372043907336009,0.009259085907204779
2023-07-01,1,0.004861971934612328,-0.0030151458785152804,0.007877117813127608,-0.007154797282954983,92,92,2.542321825952671,1979-04-01,1,-0.007154797282954983,0.007877117813127608
2023-08-01,1,0.0034873722514496735,-0.0018112206010933488,0.005298592852543022,-0.011285906513782695,92,92,2.147614219139785,1995-03-01,1,-0.011285906513782695,0.005298592852543022
2023-09-01,1,0.006959256633469363,-0.0009762664565508512,0.007935523090020215,-0.041213859317413504,92,92,1.7909715658787548,1995-03-01,1,-0.041213859317413504,0.007935523090020215
2023-10-01,1,0.007795180100239361,-0.0005736825282883653,0.008368862628527726,0.03364692018617865,92,92,1.6301753427561159,1995-03-01,1,0.03364692018617865,0.008368862628527726
2023-11-01,1,0.004796281115119898,-0.002835171918317783,0.007631453033437681,0.05603603456175943,92,92,1.690128987521055,1984-03-01,1,0.05603603456175943,0.007631453033437681
2023-12-01,1,0.006612327029064691,-0.0004765472313228303,0.007088874260387522,0.016145028261063343,92,92,1.736612245013114,1984-02-01,1,0.016145028261063343,0.007088874260387522
2024-01-01,1,0.0034002910123239944,-0.0015713407044576284,0.0049716317167816226,0.03221545083521882,92,92,1.3516263083923112,1984-03-01,1,0.03221545083521882,0.0049716317167816226
2024-02-01,1,0.0037150833649292644,-0.0010233795991567193,0.0047384629640859835,0.03690844880112332,93,93,1.3859161499869905,1984-02-01,1,0.03690844880112332,0.0047384629640859835
2024-03-01,1,0.005275744873367925,-6.878472231476391e-05,0.005344529595682689,-0.010150578591291093,93,93,1.2894709443294732,2014-06-01,1,-0.010150578591291093,0.005344529595682689
2024-04-01,1,0.002984804707694217,0.0034423011995688563,-0.0004574964918746395,0.0151307053518841,93,93,0.7788807567197041,2013-11-01,-1,-0.0151307053518841,-0.0004574964918746395
2024-05-01,1,0.004087610571041224,0.003489782617224718,0.0005978279538165062,-0.004533944318862448,93,93,1.272411630579268,2004-06-01,-1,0.004533944318862448,0.0005978279538165062
2024-06-01,1,0.004815998740514892,0.006727803807740617,-0.001911805067225725,0.02121797717598506,93,93,1.0469853044930288,2013-11-01,-1,-0.02121797717598506,-0.001911805067225725
2024-07-01,1,0.006980782545102646,0.007039020319945664,-5.823777484301792e-05,0.012971321169656491,93,93,1.1105496611730574,2011-02-01,-1,-0.012971321169656491,-5.823777484301792e-05
2024-08-01,1,0.012081736037255113,0.0019598221498713965,0.010121913887383717,0.03080160715013136,94,94,0.7241321394292393,1985-02-01,-1,-0.03080160715013136,0.010121913887383717
2024-09-01,1,0.013122348736565802,0.00044119532433742396,0.012681153412228379,0.02038909145758727,94,94,0.685057761052942,1987-01-01,-1,-0.02038909145758727,0.012681153412228379
2024-10-01,1,0.009979446645156197,0.0007715682818389826,0.009207878363317214,0.014704253962435576,94,94,0.7615595760182874,2007-06-01,-1,-0.014704253962435576,0.009207878363317214
2024-11-01,1,0.010135937138548275,0.0030110515395606594,0.007124885598987616,-0.013635904261609766,94,94,0.9482053997918196,2007-06-01,-1,0.013635904261609766,0.007124885598987616
2024-12-01,1,0.010683234633825771,0.0006676260700363281,0.010015608563789443,-0.00240289502798563,94,94,1.2275747534007724,1972-01-01,-1,0.00240289502798563,0.010015608563789443
